Workbook
Name badge_away: IFERROR(IF(TYPE(Teams!$B$2)=128,INDEX(TablaEquipos[Badge],MATCH(League!B1,TablaEquipos[Team],0)),""),"")
Name badge_home: IFERROR(IF(TYPE(Teams!$B$2)=128,INDEX(TablaEquipos[Badge],MATCH(League!XFD1,TablaEquipos[Team],0)),""),"")
Name badge_ko: IFERROR(IF(TYPE(Teams!$B$2)=128,INDEX(TablaEquipos[Badge],MATCH(KO!B1,TablaEquipos[Team],0)),""),"")
Name Equipo_local: League!$D$2:$D$145
Name Equipo_visitante: League!$K$2:$K$145
Name Ganador: League!$BF$2:$BF$145
Name Goles_local: League!$G$2:$G$145
Name Goles_visitante: League!$H$2:$H$145
Name Jornada: League!$A$2:$A$145
Name NombreEquipo: TablaEquipos[Team]
Name NombreEquipo: TablaEquipos[Team]
Name NombreEquipo: TablaEquipos[Team]
Name NombreEquipo: TablaEquipos[Team]

Sheet Home
B2: EXCEL CHAMPIONS LEAGUE 2026-2027
J6: Para acceder Click en | K6: 2
B7: =Idiomas!D8 -> Selecciona idioma -> | C7: Español | G7: =Idiomas!D6 -> Predictor Equipos | I7: Item | J7: Español | K7: Inglés
I8: Excel Europa League 2026-2027 | J8: 2 | K8: 2
I9: Excel Conference League 2026-2027 | J9: 2 | K9: 2
B10: =Idiomas!D18 -> Selecciona Horario -> | C10: España | G10: =Idiomas!D4 -> Introducir resultados Fase de Liga | I10: Excel Premier League 2026-2027 | J10: 0 | K10: 2
I11: Excel Championship 2026-2027 | J11: 0 | K11: 2
I12: Excel Liga 1ª Division 2026-2027 | J12: 2 | K12: 0
B13: =Idiomas!D43 -> Escribe tu nombre -> | C13: =Idiomas!D44 -> Nombre | G13: =Idiomas!D5 -> Introducir resultados Fase KO | I13: Excel Liga 2ª Division 2026-2027 | J13: 2 | K13: 0
I14: Excel Liga 1ª Federación 2026-2027 | J14: 2 | K14: 0
I15: Excel Liga F. 2026-2027 | J15: 2 | K15: 0
B16: =HYPERLINK(Idiomas!D11,Idiomas!D7) -> Si quieres organizar una porra con tu grupo puedes descargar el archivo para administrarla desde aquí. | I16: Excel Libertadores/Sudamericana 2026 | J16: 2 | K16: 0
I17: =Idiomas!D15 -> Excel Mundial Femenino 2027 | J17: 2 | K17: 2
I19: =HYPERLINK(Idiomas!D16,Idiomas!D15) -> Excel Mundial Femenino 2027
I23: © Miguel Angel Tejero. 2026 | J23: DONAR

Sheet Predictor
B1: =Idiomas!D365 -> Ronda | C1: =Idiomas!D364 -> Predice el equipo | E1: =Idiomas!D370 -> Rellenar antes del comienzo de la Champions | H1: Equipo | I1: CAUX1 | J1: CAUX2 | K1: CAUX3 | L1: CAUX4 | N1: Lista desplegable | R1: IDIOMA PARA PONER EL EL POOL
B2: =Idiomas!D356 -> Campeón | G2: =TablaEquipos[[#This Row],[Team]] -> AEK | H2: =C2 -> 0 | I2: =IF(COUNTIF($H$2:$H$37,G2)>=COUNTIF($G$2:$G$37,G2),"",G2) -> AEK | J2: =IF(I2<>"",ROWS($I$2:I2),"") -> 1 | K2: =IFERROR(SMALL($J$2:$J$37,ROWS($J$2:J2)),"") -> 1 | L2: {=IFERROR(INDEX($G$2:$G$37,K2),0)} -> AEK | N2: {=IFERROR(OFFSET($L$2,0,0,COUNTIF($L$2:$L$37,"<>0"),1),"")} -> AEK | P2: {=OFFSET($L$2,0,0,COUNTIF($L$2:$L$37,"<>0"),1)} -> AEK | R2: =+IFERROR(IFERROR(INDEX(Idiomas!$D$313:$D$348,MATCH(Predictor!C2,Idiomas!$G$313:$G$348,0)),INDEX(Idiomas!$D$313:$D$348,MATCH(Predictor!C2,Idiomas!$H$313:$H$348,0))),"")
B3: =Idiomas!D357 -> Final | E3: =Idiomas!D366 -> ·Selecciona para cada ronda el equipo o los equipos que crees que van a llegar hasta esa ronda. | G3: =TablaEquipos[[#This Row],[Team]] -> Arsenal | H3: =C3 -> 0 | I3: =IF(COUNTIF($H$2:$H$37,G3)>=COUNTIF($G$2:$G$37,G3),"",G3) -> Arsenal | J3: =IF(I3<>"",ROWS($I$2:I3),"") -> 2 | K3: =IFERROR(SMALL($J$2:$J$37,ROWS($J$2:J3)),"") -> 2 | L3: {=IFERROR(INDEX($G$2:$G$37,K3),0)} -> Arsenal | N3: Arsenal | P3: Arsenal | R3: =+IFERROR(IFERROR(INDEX(Idiomas!$D$313:$D$348,MATCH(Predictor!C3,Idiomas!$G$313:$G$348,0)),INDEX(Idiomas!$D$313:$D$348,MATCH(Predictor!C3,Idiomas!$H$313:$H$348,0))),"")
B4: =Idiomas!D358 -> Semifinales | G4: =TablaEquipos[[#This Row],[Team]] -> Aston Villa | H4: =C4 -> 0 | I4: =IF(COUNTIF($H$2:$H$37,G4)>=COUNTIF($G$2:$G$37,G4),"",G4) -> Aston Villa | J4: =IF(I4<>"",ROWS($I$2:I4),"") -> 3 | K4: =IFERROR(SMALL($J$2:$J$37,ROWS($J$2:J4)),"") -> 3 | L4: {=IFERROR(INDEX($G$2:$G$37,K4),0)} -> Aston Villa | N4: Aston Villa | P4: Aston Villa | R4: =+IFERROR(IFERROR(INDEX(Idiomas!$D$313:$D$348,MATCH(Predictor!C4,Idiomas!$G$313:$G$348,0)),INDEX(Idiomas!$D$313:$D$348,MATCH(Predictor!C4,Idiomas!$H$313:$H$348,0))),"")
B5: =Idiomas!D358 -> Semifinales | E5: =Idiomas!D367 -> ·Una vez selecciones un equipo, dejará de aparecer en el selector | G5: =TablaEquipos[[#This Row],[Team]] -> Atlético Madrid | H5: =C5 -> 0 | I5: =IF(COUNTIF($H$2:$H$37,G5)>=COUNTIF($G$2:$G$37,G5),"",G5) -> Atlético Madrid | J5: =IF(I5<>"",ROWS($I$2:I5),"") -> 4 | K5: =IFERROR(SMALL($J$2:$J$37,ROWS($J$2:J5)),"") -> 4 | L5: {=IFERROR(INDEX($G$2:$G$37,K5),0)} -> Atlético Madrid | N5: Atlético Madrid | P5: Atlético Madrid | R5: =+IFERROR(IFERROR(INDEX(Idiomas!$D$313:$D$348,MATCH(Predictor!C5,Idiomas!$G$313:$G$348,0)),INDEX(Idiomas!$D$313:$D$348,MATCH(Predictor!C5,Idiomas!$H$313:$H$348,0))),"")
B6: =+Idiomas!D359 -> Cuartos de final | G6: =TablaEquipos[[#This Row],[Team]] -> Barcelona | H6: =C6 -> 0 | I6: =IF(COUNTIF($H$2:$H$37,G6)>=COUNTIF($G$2:$G$37,G6),"",G6) -> Barcelona | J6: =IF(I6<>"",ROWS($I$2:I6),"") -> 5 | K6: =IFERROR(SMALL($J$2:$J$37,ROWS($J$2:J6)),"") -> 5 | L6: {=IFERROR(INDEX($G$2:$G$37,K6),0)} -> Barcelona | N6: Barcelona | P6: Barcelona | R6: =+IFERROR(IFERROR(INDEX(Idiomas!$D$313:$D$348,MATCH(Predictor!C6,Idiomas!$G$313:$G$348,0)),INDEX(Idiomas!$D$313:$D$348,MATCH(Predictor!C6,Idiomas!$H$313:$H$348,0))),"")
B7: =+Idiomas!D359 -> Cuartos de final | E7: =Idiomas!D368 -> ·Si has rellenado todos y quieres hacer un cambio, | G7: =TablaEquipos[[#This Row],[Team]] -> Bayern München | H7: =C7 -> 0 | I7: =IF(COUNTIF($H$2:$H$37,G7)>=COUNTIF($G$2:$G$37,G7),"",G7) -> Bayern München | J7: =IF(I7<>"",ROWS($I$2:I7),"") -> 6 | K7: =IFERROR(SMALL($J$2:$J$37,ROWS($J$2:J7)),"") -> 6 | L7: {=IFERROR(INDEX($G$2:$G$37,K7),0)} -> Bayern München | N7: Bayern München | P7: Bayern München | R7: =+IFERROR(IFERROR(INDEX(Idiomas!$D$313:$D$348,MATCH(Predictor!C7,Idiomas!$G$313:$G$348,0)),INDEX(Idiomas!$D$313:$D$348,MATCH(Predictor!C7,Idiomas!$H$313:$H$348,0))),"")
B8: =+Idiomas!D359 -> Cuartos de final | E8: =Idiomas!D369 -> borra los equipos que quieras cambiar y podrás volver a seleccionarlos | G8: =TablaEquipos[[#This Row],[Team]] -> Betis | H8: =C8 -> 0 | I8: =IF(COUNTIF($H$2:$H$37,G8)>=COUNTIF($G$2:$G$37,G8),"",G8) -> Betis | J8: =IF(I8<>"",ROWS($I$2:I8),"") -> 7 | K8: =IFERROR(SMALL($J$2:$J$37,ROWS($J$2:J8)),"") -> 7 | L8: {=IFERROR(INDEX($G$2:$G$37,K8),0)} -> Betis | N8: Betis | P8: Betis | R8: =+IFERROR(IFERROR(INDEX(Idiomas!$D$313:$D$348,MATCH(Predictor!C8,Idiomas!$G$313:$G$348,0)),INDEX(Idiomas!$D$313:$D$348,MATCH(Predictor!C8,Idiomas!$H$313:$H$348,0))),"")
B9: =+Idiomas!D359 -> Cuartos de final | G9: =TablaEquipos[[#This Row],[Team]] -> Bodø/Glimt | H9: =C9 -> 0 | I9: =IF(COUNTIF($H$2:$H$37,G9)>=COUNTIF($G$2:$G$37,G9),"",G9) -> Bodø/Glimt | J9: =IF(I9<>"",ROWS($I$2:I9),"") -> 8 | K9: =IFERROR(SMALL($J$2:$J$37,ROWS($J$2:J9)),"") -> 8 | L9: {=IFERROR(INDEX($G$2:$G$37,K9),0)} -> Bodø/Glimt | N9: Bodø/Glimt | P9: Bodø/Glimt | R9: =+IFERROR(IFERROR(INDEX(Idiomas!$D$313:$D$348,MATCH(Predictor!C9,Idiomas!$G$313:$G$348,0)),INDEX(Idiomas!$D$313:$D$348,MATCH(Predictor!C9,Idiomas!$H$313:$H$348,0))),"")
B10: =+Idiomas!D360 -> Octavos de final | G10: =TablaEquipos[[#This Row],[Team]] -> Borussia Dortmund | H10: =C10 -> 0 | I10: =IF(COUNTIF($H$2:$H$37,G10)>=COUNTIF($G$2:$G$37,G10),"",G10) -> Borussia Dortmund | J10: =IF(I10<>"",ROWS($I$2:I10),"") -> 9 | K10: =IFERROR(SMALL($J$2:$J$37,ROWS($J$2:J10)),"") -> 9 | L10: {=IFERROR(INDEX($G$2:$G$37,K10),0)} -> Borussia Dortmund | N10: Borussia Dortmund | P10: Borussia Dortmund | R10: =+IFERROR(IFERROR(INDEX(Idiomas!$D$313:$D$348,MATCH(Predictor!C10,Idiomas!$G$313:$G$348,0)),INDEX(Idiomas!$D$313:$D$348,MATCH(Predictor!C10,Idiomas!$H$313:$H$348,0))),"")
B11: =+Idiomas!D360 -> Octavos de final | E11: =HYPERLINK(Idiomas!D11,Idiomas!D7) -> Si quieres organizar una porra con tu grupo puedes descargar el archivo para administrarla desde aquí. | G11: =TablaEquipos[[#This Row],[Team]] -> Brugge | H11: =C11 -> 0 | I11: =IF(COUNTIF($H$2:$H$37,G11)>=COUNTIF($G$2:$G$37,G11),"",G11) -> Brugge | J11: =IF(I11<>"",ROWS($I$2:I11),"") -> 10 | K11: =IFERROR(SMALL($J$2:$J$37,ROWS($J$2:J11)),"") -> 10 | L11: {=IFERROR(INDEX($G$2:$G$37,K11),0)} -> Brugge | N11: Brugge | P11: Brugge | R11: =+IFERROR(IFERROR(INDEX(Idiomas!$D$313:$D$348,MATCH(Predictor!C11,Idiomas!$G$313:$G$348,0)),INDEX(Idiomas!$D$313:$D$348,MATCH(Predictor!C11,Idiomas!$H$313:$H$348,0))),"")
B12: =+Idiomas!D360 -> Octavos de final | G12: =TablaEquipos[[#This Row],[Team]] -> Como | H12: =C12 -> 0 | I12: =IF(COUNTIF($H$2:$H$37,G12)>=COUNTIF($G$2:$G$37,G12),"",G12) -> Como | J12: =IF(I12<>"",ROWS($I$2:I12),"") -> 11 | K12: =IFERROR(SMALL($J$2:$J$37,ROWS($J$2:J12)),"") -> 11 | L12: {=IFERROR(INDEX($G$2:$G$37,K12),0)} -> Como | N12: Como | P12: Como | R12: =+IFERROR(IFERROR(INDEX(Idiomas!$D$313:$D$348,MATCH(Predictor!C12,Idiomas!$G$313:$G$348,0)),INDEX(Idiomas!$D$313:$D$348,MATCH(Predictor!C12,Idiomas!$H$313:$H$348,0))),"")
B13: =+Idiomas!D360 -> Octavos de final | G13: =TablaEquipos[[#This Row],[Team]] -> Fenerbahçe | H13: =C13 -> 0 | I13: =IF(COUNTIF($H$2:$H$37,G13)>=COUNTIF($G$2:$G$37,G13),"",G13) -> Fenerbahçe | J13: =IF(I13<>"",ROWS($I$2:I13),"") -> 12 | K13: =IFERROR(SMALL($J$2:$J$37,ROWS($J$2:J13)),"") -> 12 | L13: {=IFERROR(INDEX($G$2:$G$37,K13),0)} -> Fenerbahçe | N13: Fenerbahçe | P13: Fenerbahçe | R13: =+IFERROR(IFERROR(INDEX(Idiomas!$D$313:$D$348,MATCH(Predictor!C13,Idiomas!$G$313:$G$348,0)),INDEX(Idiomas!$D$313:$D$348,MATCH(Predictor!C13,Idiomas!$H$313:$H$348,0))),"")
B14: =+Idiomas!D360 -> Octavos de final | G14: =TablaEquipos[[#This Row],[Team]] -> Feyenoord | H14: =C14 -> 0 | I14: =IF(COUNTIF($H$2:$H$37,G14)>=COUNTIF($G$2:$G$37,G14),"",G14) -> Feyenoord | J14: =IF(I14<>"",ROWS($I$2:I14),"") -> 13 | K14: =IFERROR(SMALL($J$2:$J$37,ROWS($J$2:J14)),"") -> 13 | L14: {=IFERROR(INDEX($G$2:$G$37,K14),0)} -> Feyenoord | N14: Feyenoord | P14: Feyenoord | R14: =+IFERROR(IFERROR(INDEX(Idiomas!$D$313:$D$348,MATCH(Predictor!C14,Idiomas!$G$313:$G$348,0)),INDEX(Idiomas!$D$313:$D$348,MATCH(Predictor!C14,Idiomas!$H$313:$H$348,0))),"")
B15: =+Idiomas!D360 -> Octavos de final | G15: =TablaEquipos[[#This Row],[Team]] -> Galatasaray | H15: =C15 -> 0 | I15: =IF(COUNTIF($H$2:$H$37,G15)>=COUNTIF($G$2:$G$37,G15),"",G15) -> Galatasaray | J15: =IF(I15<>"",ROWS($I$2:I15),"") -> 14 | K15: =IFERROR(SMALL($J$2:$J$37,ROWS($J$2:J15)),"") -> 14 | L15: {=IFERROR(INDEX($G$2:$G$37,K15),0)} -> Galatasaray | N15: Galatasaray | P15: Galatasaray | R15: =+IFERROR(IFERROR(INDEX(Idiomas!$D$313:$D$348,MATCH(Predictor!C15,Idiomas!$G$313:$G$348,0)),INDEX(Idiomas!$D$313:$D$348,MATCH(Predictor!C15,Idiomas!$H$313:$H$348,0))),"")
B16: =+Idiomas!D360 -> Octavos de final | G16: =TablaEquipos[[#This Row],[Team]] -> Inter Milan | H16: =C16 -> 0 | I16: =IF(COUNTIF($H$2:$H$37,G16)>=COUNTIF($G$2:$G$37,G16),"",G16) -> Inter Milan | J16: =IF(I16<>"",ROWS($I$2:I16),"") -> 15 | K16: =IFERROR(SMALL($J$2:$J$37,ROWS($J$2:J16)),"") -> 15 | L16: {=IFERROR(INDEX($G$2:$G$37,K16),0)} -> Inter Milan | N16: Inter Milan | P16: Inter Milan | R16: =+IFERROR(IFERROR(INDEX(Idiomas!$D$313:$D$348,MATCH(Predictor!C16,Idiomas!$G$313:$G$348,0)),INDEX(Idiomas!$D$313:$D$348,MATCH(Predictor!C16,Idiomas!$H$313:$H$348,0))),"")
B17: =+Idiomas!D360 -> Octavos de final | G17: =TablaEquipos[[#This Row],[Team]] -> LASK | H17: =C17 -> 0 | I17: =IF(COUNTIF($H$2:$H$37,G17)>=COUNTIF($G$2:$G$37,G17),"",G17) -> LASK | J17: =IF(I17<>"",ROWS($I$2:I17),"") -> 16 | K17: =IFERROR(SMALL($J$2:$J$37,ROWS($J$2:J17)),"") -> 16 | L17: {=IFERROR(INDEX($G$2:$G$37,K17),0)} -> LASK | N17: LASK | P17: LASK | R17: =+IFERROR(IFERROR(INDEX(Idiomas!$D$313:$D$348,MATCH(Predictor!C17,Idiomas!$G$313:$G$348,0)),INDEX(Idiomas!$D$313:$D$348,MATCH(Predictor!C17,Idiomas!$H$313:$H$348,0))),"")
B18: =+Idiomas!D361 -> Playoffs | G18: =TablaEquipos[[#This Row],[Team]] -> Leipzig | H18: =C18 -> 0 | I18: =IF(COUNTIF($H$2:$H$37,G18)>=COUNTIF($G$2:$G$37,G18),"",G18) -> Leipzig | J18: =IF(I18<>"",ROWS($I$2:I18),"") -> 17 | K18: =IFERROR(SMALL($J$2:$J$37,ROWS($J$2:J18)),"") -> 17 | L18: {=IFERROR(INDEX($G$2:$G$37,K18),0)} -> Leipzig | N18: Leipzig | P18: Leipzig | R18: =+IFERROR(IFERROR(INDEX(Idiomas!$D$313:$D$348,MATCH(Predictor!C18,Idiomas!$G$313:$G$348,0)),INDEX(Idiomas!$D$313:$D$348,MATCH(Predictor!C18,Idiomas!$H$313:$H$348,0))),"")
B19: =+Idiomas!D361 -> Playoffs | G19: =TablaEquipos[[#This Row],[Team]] -> Lens | H19: =C19 -> 0 | I19: =IF(COUNTIF($H$2:$H$37,G19)>=COUNTIF($G$2:$G$37,G19),"",G19) -> Lens | J19: =IF(I19<>"",ROWS($I$2:I19),"") -> 18 | K19: =IFERROR(SMALL($J$2:$J$37,ROWS($J$2:J19)),"") -> 18 | L19: {=IFERROR(INDEX($G$2:$G$37,K19),0)} -> Lens | N19: Lens | P19: Lens | R19: =+IFERROR(IFERROR(INDEX(Idiomas!$D$313:$D$348,MATCH(Predictor!C19,Idiomas!$G$313:$G$348,0)),INDEX(Idiomas!$D$313:$D$348,MATCH(Predictor!C19,Idiomas!$H$313:$H$348,0))),"")
B20: =+Idiomas!D361 -> Playoffs | G20: =TablaEquipos[[#This Row],[Team]] -> Lille | H20: =C20 -> 0 | I20: =IF(COUNTIF($H$2:$H$37,G20)>=COUNTIF($G$2:$G$37,G20),"",G20) -> Lille | J20: =IF(I20<>"",ROWS($I$2:I20),"") -> 19 | K20: =IFERROR(SMALL($J$2:$J$37,ROWS($J$2:J20)),"") -> 19 | L20: {=IFERROR(INDEX($G$2:$G$37,K20),0)} -> Lille | N20: Lille | P20: Lille | R20: =+IFERROR(IFERROR(INDEX(Idiomas!$D$313:$D$348,MATCH(Predictor!C20,Idiomas!$G$313:$G$348,0)),INDEX(Idiomas!$D$313:$D$348,MATCH(Predictor!C20,Idiomas!$H$313:$H$348,0))),"")
B21: =+Idiomas!D361 -> Playoffs | G21: =TablaEquipos[[#This Row],[Team]] -> Liverpool | H21: =C21 -> 0 | I21: =IF(COUNTIF($H$2:$H$37,G21)>=COUNTIF($G$2:$G$37,G21),"",G21) -> Liverpool | J21: =IF(I21<>"",ROWS($I$2:I21),"") -> 20 | K21: =IFERROR(SMALL($J$2:$J$37,ROWS($J$2:J21)),"") -> 20 | L21: {=IFERROR(INDEX($G$2:$G$37,K21),0)} -> Liverpool | N21: Liverpool | P21: Liverpool | R21: =+IFERROR(IFERROR(INDEX(Idiomas!$D$313:$D$348,MATCH(Predictor!C21,Idiomas!$G$313:$G$348,0)),INDEX(Idiomas!$D$313:$D$348,MATCH(Predictor!C21,Idiomas!$H$313:$H$348,0))),"")
B22: =+Idiomas!D361 -> Playoffs | G22: =TablaEquipos[[#This Row],[Team]] -> Manchester City | H22: =C22 -> 0 | I22: =IF(COUNTIF($H$2:$H$37,G22)>=COUNTIF($G$2:$G$37,G22),"",G22) -> Manchester City | J22: =IF(I22<>"",ROWS($I$2:I22),"") -> 21 | K22: =IFERROR(SMALL($J$2:$J$37,ROWS($J$2:J22)),"") -> 21 | L22: {=IFERROR(INDEX($G$2:$G$37,K22),0)} -> Manchester City | N22: Manchester City | P22: Manchester City | R22: =+IFERROR(IFERROR(INDEX(Idiomas!$D$313:$D$348,MATCH(Predictor!C22,Idiomas!$G$313:$G$348,0)),INDEX(Idiomas!$D$313:$D$348,MATCH(Predictor!C22,Idiomas!$H$313:$H$348,0))),"")
B23: =+Idiomas!D361 -> Playoffs | G23: =TablaEquipos[[#This Row],[Team]] -> Manchester United | H23: =C23 -> 0 | I23: =IF(COUNTIF($H$2:$H$37,G23)>=COUNTIF($G$2:$G$37,G23),"",G23) -> Manchester United | J23: =IF(I23<>"",ROWS($I$2:I23),"") -> 22 | K23: =IFERROR(SMALL($J$2:$J$37,ROWS($J$2:J23)),"") -> 22 | L23: {=IFERROR(INDEX($G$2:$G$37,K23),0)} -> Manchester United | N23: Manchester United | P23: Manchester United | R23: =+IFERROR(IFERROR(INDEX(Idiomas!$D$313:$D$348,MATCH(Predictor!C23,Idiomas!$G$313:$G$348,0)),INDEX(Idiomas!$D$313:$D$348,MATCH(Predictor!C23,Idiomas!$H$313:$H$348,0))),"")
B24: =+Idiomas!D361 -> Playoffs | G24: =TablaEquipos[[#This Row],[Team]] -> Napoli | H24: =C24 -> 0 | I24: =IF(COUNTIF($H$2:$H$37,G24)>=COUNTIF($G$2:$G$37,G24),"",G24) -> Napoli | J24: =IF(I24<>"",ROWS($I$2:I24),"") -> 23 | K24: =IFERROR(SMALL($J$2:$J$37,ROWS($J$2:J24)),"") -> 23 | L24: {=IFERROR(INDEX($G$2:$G$37,K24),0)} -> Napoli | N24: Napoli | P24: Napoli | R24: =+IFERROR(IFERROR(INDEX(Idiomas!$D$313:$D$348,MATCH(Predictor!C24,Idiomas!$G$313:$G$348,0)),INDEX(Idiomas!$D$313:$D$348,MATCH(Predictor!C24,Idiomas!$H$313:$H$348,0))),"")
B25: =+Idiomas!D361 -> Playoffs | G25: =TablaEquipos[[#This Row],[Team]] -> Porto | H25: =C25 -> 0 | I25: =IF(COUNTIF($H$2:$H$37,G25)>=COUNTIF($G$2:$G$37,G25),"",G25) -> Porto | J25: =IF(I25<>"",ROWS($I$2:I25),"") -> 24 | K25: =IFERROR(SMALL($J$2:$J$37,ROWS($J$2:J25)),"") -> 24 | L25: {=IFERROR(INDEX($G$2:$G$37,K25),0)} -> Porto | N25: Porto | P25: Porto | R25: =+IFERROR(IFERROR(INDEX(Idiomas!$D$313:$D$348,MATCH(Predictor!C25,Idiomas!$G$313:$G$348,0)),INDEX(Idiomas!$D$313:$D$348,MATCH(Predictor!C25,Idiomas!$H$313:$H$348,0))),"")
B26: =+Idiomas!D362 -> Fase de Liga | G26: =TablaEquipos[[#This Row],[Team]] -> PSG | H26: =C26 -> 0 | I26: =IF(COUNTIF($H$2:$H$37,G26)>=COUNTIF($G$2:$G$37,G26),"",G26) -> PSG | J26: =IF(I26<>"",ROWS($I$2:I26),"") -> 25 | K26: =IFERROR(SMALL($J$2:$J$37,ROWS($J$2:J26)),"") -> 25 | L26: {=IFERROR(INDEX($G$2:$G$37,K26),0)} -> PSG | N26: PSG | P26: PSG | R26: =+IFERROR(IFERROR(INDEX(Idiomas!$D$313:$D$348,MATCH(Predictor!C26,Idiomas!$G$313:$G$348,0)),INDEX(Idiomas!$D$313:$D$348,MATCH(Predictor!C26,Idiomas!$H$313:$H$348,0))),"")
B27: =+Idiomas!D362 -> Fase de Liga | G27: =TablaEquipos[[#This Row],[Team]] -> PSV Eindhoven | H27: =C27 -> 0 | I27: =IF(COUNTIF($H$2:$H$37,G27)>=COUNTIF($G$2:$G$37,G27),"",G27) -> PSV Eindhoven | J27: =IF(I27<>"",ROWS($I$2:I27),"") -> 26 | K27: =IFERROR(SMALL($J$2:$J$37,ROWS($J$2:J27)),"") -> 26 | L27: {=IFERROR(INDEX($G$2:$G$37,K27),0)} -> PSV Eindhoven | N27: PSV Eindhoven | P27: PSV Eindhoven | R27: =+IFERROR(IFERROR(INDEX(Idiomas!$D$313:$D$348,MATCH(Predictor!C27,Idiomas!$G$313:$G$348,0)),INDEX(Idiomas!$D$313:$D$348,MATCH(Predictor!C27,Idiomas!$H$313:$H$348,0))),"")
B28: =+Idiomas!D362 -> Fase de Liga | G28: =TablaEquipos[[#This Row],[Team]] -> Real Madrid | H28: =C28 -> 0 | I28: =IF(COUNTIF($H$2:$H$37,G28)>=COUNTIF($G$2:$G$37,G28),"",G28) -> Real Madrid | J28: =IF(I28<>"",ROWS($I$2:I28),"") -> 27 | K28: =IFERROR(SMALL($J$2:$J$37,ROWS($J$2:J28)),"") -> 27 | L28: {=IFERROR(INDEX($G$2:$G$37,K28),0)} -> Real Madrid | N28: Real Madrid | P28: Real Madrid | R28: =+IFERROR(IFERROR(INDEX(Idiomas!$D$313:$D$348,MATCH(Predictor!C28,Idiomas!$G$313:$G$348,0)),INDEX(Idiomas!$D$313:$D$348,MATCH(Predictor!C28,Idiomas!$H$313:$H$348,0))),"")
B29: =+Idiomas!D362 -> Fase de Liga | G29: =TablaEquipos[[#This Row],[Team]] -> Roma | H29: =C29 -> 0 | I29: =IF(COUNTIF($H$2:$H$37,G29)>=COUNTIF($G$2:$G$37,G29),"",G29) -> Roma | J29: =IF(I29<>"",ROWS($I$2:I29),"") -> 28 | K29: =IFERROR(SMALL($J$2:$J$37,ROWS($J$2:J29)),"") -> 28 | L29: {=IFERROR(INDEX($G$2:$G$37,K29),0)} -> Roma | N29: Roma | P29: Roma | R29: =+IFERROR(IFERROR(INDEX(Idiomas!$D$313:$D$348,MATCH(Predictor!C29,Idiomas!$G$313:$G$348,0)),INDEX(Idiomas!$D$313:$D$348,MATCH(Predictor!C29,Idiomas!$H$313:$H$348,0))),"")
B30: =+Idiomas!D362 -> Fase de Liga | G30: =TablaEquipos[[#This Row],[Team]] -> Sabah | H30: =C30 -> 0 | I30: =IF(COUNTIF($H$2:$H$37,G30)>=COUNTIF($G$2:$G$37,G30),"",G30) -> Sabah | J30: =IF(I30<>"",ROWS($I$2:I30),"") -> 29 | K30: =IFERROR(SMALL($J$2:$J$37,ROWS($J$2:J30)),"") -> 29 | L30: {=IFERROR(INDEX($G$2:$G$37,K30),0)} -> Sabah | N30: Sabah | P30: Sabah | R30: =+IFERROR(IFERROR(INDEX(Idiomas!$D$313:$D$348,MATCH(Predictor!C30,Idiomas!$G$313:$G$348,0)),INDEX(Idiomas!$D$313:$D$348,MATCH(Predictor!C30,Idiomas!$H$313:$H$348,0))),"")
B31: =+Idiomas!D362 -> Fase de Liga | G31: =TablaEquipos[[#This Row],[Team]] -> Shakhtar Donetsk | H31: =C31 -> 0 | I31: =IF(COUNTIF($H$2:$H$37,G31)>=COUNTIF($G$2:$G$37,G31),"",G31) -> Shakhtar Donetsk | J31: =IF(I31<>"",ROWS($I$2:I31),"") -> 30 | K31: =IFERROR(SMALL($J$2:$J$37,ROWS($J$2:J31)),"") -> 30 | L31: {=IFERROR(INDEX($G$2:$G$37,K31),0)} -> Shakhtar Donetsk | N31: Shakhtar Donetsk | P31: Shakhtar Donetsk | R31: =+IFERROR(IFERROR(INDEX(Idiomas!$D$313:$D$348,MATCH(Predictor!C31,Idiomas!$G$313:$G$348,0)),INDEX(Idiomas!$D$313:$D$348,MATCH(Predictor!C31,Idiomas!$H$313:$H$348,0))),"")
B32: =+Idiomas!D362 -> Fase de Liga | G32: =TablaEquipos[[#This Row],[Team]] -> Slavia Praha | H32: =C32 -> 0 | I32: =IF(COUNTIF($H$2:$H$37,G32)>=COUNTIF($G$2:$G$37,G32),"",G32) -> Slavia Praha | J32: =IF(I32<>"",ROWS($I$2:I32),"") -> 31 | K32: =IFERROR(SMALL($J$2:$J$37,ROWS($J$2:J32)),"") -> 31 | L32: {=IFERROR(INDEX($G$2:$G$37,K32),0)} -> Slavia Praha | N32: Slavia Praha | P32: Slavia Praha | R32: =+IFERROR(IFERROR(INDEX(Idiomas!$D$313:$D$348,MATCH(Predictor!C32,Idiomas!$G$313:$G$348,0)),INDEX(Idiomas!$D$313:$D$348,MATCH(Predictor!C32,Idiomas!$H$313:$H$348,0))),"")
B33: =+Idiomas!D362 -> Fase de Liga | G33: =TablaEquipos[[#This Row],[Team]] -> Slovan Bratislava | H33: =C33 -> 0 | I33: =IF(COUNTIF($H$2:$H$37,G33)>=COUNTIF($G$2:$G$37,G33),"",G33) -> Slovan Bratislava | J33: =IF(I33<>"",ROWS($I$2:I33),"") -> 32 | K33: =IFERROR(SMALL($J$2:$J$37,ROWS($J$2:J33)),"") -> 32 | L33: {=IFERROR(INDEX($G$2:$G$37,K33),0)} -> Slovan Bratislava | N33: Slovan Bratislava | P33: Slovan Bratislava | R33: =+IFERROR(IFERROR(INDEX(Idiomas!$D$313:$D$348,MATCH(Predictor!C33,Idiomas!$G$313:$G$348,0)),INDEX(Idiomas!$D$313:$D$348,MATCH(Predictor!C33,Idiomas!$H$313:$H$348,0))),"")
B34: =+Idiomas!D362 -> Fase de Liga | G34: =TablaEquipos[[#This Row],[Team]] -> Sporting Portugal | H34: =C34 -> 0 | I34: =IF(COUNTIF($H$2:$H$37,G34)>=COUNTIF($G$2:$G$37,G34),"",G34) -> Sporting Portugal | J34: =IF(I34<>"",ROWS($I$2:I34),"") -> 33 | K34: =IFERROR(SMALL($J$2:$J$37,ROWS($J$2:J34)),"") -> 33 | L34: {=IFERROR(INDEX($G$2:$G$37,K34),0)} -> Sporting Portugal | N34: Sporting Portugal | P34: Sporting Portugal | R34: =+IFERROR(IFERROR(INDEX(Idiomas!$D$313:$D$348,MATCH(Predictor!C34,Idiomas!$G$313:$G$348,0)),INDEX(Idiomas!$D$313:$D$348,MATCH(Predictor!C34,Idiomas!$H$313:$H$348,0))),"")
B35: =+Idiomas!D362 -> Fase de Liga | G35: =TablaEquipos[[#This Row],[Team]] -> Stuttgart | H35: =C35 -> 0 | I35: =IF(COUNTIF($H$2:$H$37,G35)>=COUNTIF($G$2:$G$37,G35),"",G35) -> Stuttgart | J35: =IF(I35<>"",ROWS($I$2:I35),"") -> 34 | K35: =IFERROR(SMALL($J$2:$J$37,ROWS($J$2:J35)),"") -> 34 | L35: {=IFERROR(INDEX($G$2:$G$37,K35),0)} -> Stuttgart | N35: Stuttgart | P35: Stuttgart | R35: =+IFERROR(IFERROR(INDEX(Idiomas!$D$313:$D$348,MATCH(Predictor!C35,Idiomas!$G$313:$G$348,0)),INDEX(Idiomas!$D$313:$D$348,MATCH(Predictor!C35,Idiomas!$H$313:$H$348,0))),"")
B36: =+Idiomas!D362 -> Fase de Liga | G36: =TablaEquipos[[#This Row],[Team]] -> Viking | H36: =C36 -> 0 | I36: =IF(COUNTIF($H$2:$H$37,G36)>=COUNTIF($G$2:$G$37,G36),"",G36) -> Viking | J36: =IF(I36<>"",ROWS($I$2:I36),"") -> 35 | K36: =IFERROR(SMALL($J$2:$J$37,ROWS($J$2:J36)),"") -> 35 | L36: {=IFERROR(INDEX($G$2:$G$37,K36),0)} -> Viking | N36: Viking | P36: Viking | R36: =+IFERROR(IFERROR(INDEX(Idiomas!$D$313:$D$348,MATCH(Predictor!C36,Idiomas!$G$313:$G$348,0)),INDEX(Idiomas!$D$313:$D$348,MATCH(Predictor!C36,Idiomas!$H$313:$H$348,0))),"")
B37: =+Idiomas!D362 -> Fase de Liga | G37: =TablaEquipos[[#This Row],[Team]] -> Villarreal | H37: =C37 -> 0 | I37: =IF(COUNTIF($H$2:$H$37,G37)>=COUNTIF($G$2:$G$37,G37),"",G37) -> Villarreal | J37: =IF(I37<>"",ROWS($I$2:I37),"") -> 36 | K37: =IFERROR(SMALL($J$2:$J$37,ROWS($J$2:J37)),"") -> 36 | L37: {=IFERROR(INDEX($G$2:$G$37,K37),0)} -> Villarreal | N37: Villarreal | P37: Villarreal | R37: =+IFERROR(IFERROR(INDEX(Idiomas!$D$313:$D$348,MATCH(Predictor!C37,Idiomas!$G$313:$G$348,0)),INDEX(Idiomas!$D$313:$D$348,MATCH(Predictor!C37,Idiomas!$H$313:$H$348,0))),"")

Sheet League
A1: =Idiomas!D22 -> Jor. | B1: =Idiomas!D20 -> Fecha | C1: =Idiomas!D21 -> Hora | D1: =Idiomas!D23 -> Equipo Local | E1: Badge | F1: P | G1: =Idiomas!D24 -> Gol | H1: =Idiomas!D25 -> Gol | I1: P | J1: Badge | K1: =Idiomas!D26 -> Equipo Visitante | N1: =Idiomas!D52 -> Pos | O1: Badge | P1: =Idiomas!$D53 -> Equipo | Q1: =Idiomas!$D54 -> Pts | R1: =Idiomas!$D55 -> J | S1: =Idiomas!$D56 -> G | T1: =Idiomas!$D57 -> E | U1: =Idiomas!$D58 -> P | V1: =Idiomas!$D59 -> GF | W1: =Idiomas!$D60 -> GC | X1: =Idiomas!$D61 -> DG | Y1: =CONCATENATE(Q1&" "&Idiomas!$D62) -> Pts C | Z1: =CONCATENATE(R1&" "&Idiomas!$D62) -> J C | AA1: =CONCATENATE(S1&" "&Idiomas!$D62) -> G C | AB1: =CONCATENATE(T1&" "&Idiomas!$D62) -> E C | AC1: =CONCATENATE(U1&" "&Idiomas!$D62) -> P C | AD1: =CONCATENATE(V1&" "&Idiomas!$D62) -> GF C | AE1: =CONCATENATE(W1&" "&Idiomas!$D62) -> GC C | AF1: =CONCATENATE(X1&" "&Idiomas!$D62) -> DG C | AG1: =CONCATENATE(Q1&" "&Idiomas!$D63) -> Pts F | AH1: =CONCATENATE(R1&" "&Idiomas!$D63) -> J F | AI1: =CONCATENATE(S1&" "&Idiomas!$D63) -> G F | AJ1: =CONCATENATE(T1&" "&Idiomas!$D63) -> E F | AK1: =CONCATENATE(U1&" "&Idiomas!$D63) -> P F | AL1: =CONCATENATE(V1&" "&Idiomas!$D63) -> GF F | AM1: =CONCATENATE(W1&" "&Idiomas!$D63) -> GC F | AN1: =CONCATENATE(X1&" "&Idiomas!$D63) -> DG F | AO1: P-O | AP1: DF-O | AQ1: GF_O | AS1: =Idiomas!D65 -> Seleccionar el orden de los empatados. | AV1: =COUNTIF($AV$2:$AV$37,">"&1) -> 36 | AZ1: =P1 -> Equipo | BA1: =Idiomas!D64 -> Puntos penalizados | BF1: Winner | BI1: {=TRANSPOSE(Calcs!$A$2:$A$37)} -> AEK | BJ1: Arsenal | BK1: Aston Villa | BL1: Atlético Madrid | BM1: Barcelona | BN1: Bayern München | BO1: Betis | BP1: Bodø/Glimt | BQ1: Borussia Dortmund | BR1: Brugge | BS1: Como | BT1: Fenerbahçe | BU1: Feyenoord | BV1: Galatasaray | BW1: Inter Milan | BX1: LASK | BY1: Leipzig | BZ1: Lens | CA1: Lille | CB1: Liverpool | CC1: Manchester City | CD1: Manchester United | CE1: Napoli | CF1: Porto | CG1: PSG | CH1: PSV Eindhoven | CI1: Real Madrid | CJ1: Roma | CK1: Sabah | CL1: Shakhtar Donetsk | CM1: Slavia Praha | CN1: Slovan Bratislava | CO1: Sporting Portugal | CP1: Stuttgart | CQ1: Viking | CR1: Villarreal
A2: 1 | B2: =Horarios!C2 -> 46273.781 | C2: =Horarios!C2 -> 46273.781 | D2: AEK | E2: {=badge_home} -> #VALUE! | J2: {=badge_away} -> #VALUE! | K2: LASK | L2: =IFERROR(IF(TYPE(Teams!$B$2)=128,INDEX(TablaEquipos[Badge],MATCH(League!C3,TablaEquipos[Team],0)),""),"") | N2: 1 | O2: {=badge_away} -> #VALUE! | P2: =IFERROR(INDEX(Calcs!A$2:A$37,MATCH($N2,Calcs!$CJ$2:$CJ$37,0)),"") -> AEK | Q2: =IFERROR(INDEX(Calcs!$B$2:$AB$37,MATCH($N2,Calcs!$CJ$2:$CJ$37,0),MATCH(Q$1,Calcs!$B$1:$AB$1,0)),"") -> 0 | R2: =IFERROR(INDEX(Calcs!$B$2:$AB$37,MATCH($N2,Calcs!$CJ$2:$CJ$37,0),MATCH(R$1,Calcs!$B$1:$AB$1,0)),"") -> 0 | S2: =IFERROR(INDEX(Calcs!$B$2:$AB$37,MATCH($N2,Calcs!$CJ$2:$CJ$37,0),MATCH(S$1,Calcs!$B$1:$AB$1,0)),"") -> 0 | T2: =IFERROR(INDEX(Calcs!$B$2:$AB$37,MATCH($N2,Calcs!$CJ$2:$CJ$37,0),MATCH(T$1,Calcs!$B$1:$AB$1,0)),"") -> 0 | U2: =IFERROR(INDEX(Calcs!$B$2:$AB$37,MATCH($N2,Calcs!$CJ$2:$CJ$37,0),MATCH(U$1,Calcs!$B$1:$AB$1,0)),"") -> 0 | V2: =IFERROR(INDEX(Calcs!$B$2:$AB$37,MATCH($N2,Calcs!$CJ$2:$CJ$37,0),MATCH(V$1,Calcs!$B$1:$AB$1,0)),"") -> 0 | W2: =IFERROR(INDEX(Calcs!$B$2:$AB$37,MATCH($N2,Calcs!$CJ$2:$CJ$37,0),MATCH(W$1,Calcs!$B$1:$AB$1,0)),"") -> 0 | X2: =IFERROR(INDEX(Calcs!$B$2:$AB$37,MATCH($N2,Calcs!$CJ$2:$CJ$37,0),MATCH(X$1,Calcs!$B$1:$AB$1,0)),"") -> 0 | ... AQ2: =IFERROR(INDEX(Calcs!$B$2:$AB$37,MATCH($N2,Calcs!$CJ$2:$CJ$37,0),MATCH(AQ$1,Calcs!$B$1:$AB$1,0)),"") -> 0 | AS2: =INDEX(Calcs!A$2:A$37,MATCH($N2,Calcs!$CF$2:$CF$37,0)) -> AEK | AU2: =INDEX(Calcs!$BZ$2:$BZ$37,MATCH($AS2,Calcs!$A$2:$A$37,0)) -> 1 | AV2: =COUNTIF($AU$2:$AU$37,$AU2) -> 36 | AW2: =AU2&"."&AV2 -> 1.36 | AX2: {=OFFSET($N$2,AU2-1,0,AV2,1)} -> 1 | AZ2: =TablaEquipos[[#This Row],[Team]] -> AEK | BF2: =IF(OR(G2="",H2=""),"Pendiente",IF(G2>H2,"Local",IF(G2<H2,"Visitante","Empate"))) -> Pendiente | BG2: {=IFERROR(INDEX(Equipo_local,SMALL(IF(BI$1=Equipo_visitante,ROW(Equipo_local)-MIN(ROW(Equipo_visitante))+1,""),ROW()-1)),"")} -> Shakhtar Donetsk | BH2: 1 | BI2: {=IFERROR(INDEX(Equipo_visitante,MATCH($BH2&BI$1,Jornada&Equipo_local,0)),INDEX(Equipo_local,MATCH($BH2&BI$1,Jornada&Equipo_visitante,0)))} -> LASK | BJ2: {=IFERROR(INDEX(Equipo_visitante,MATCH($BH2&BJ$1,Jornada&Equipo_local,0)),INDEX(Equipo_local,MATCH($BH2&BJ$1,Jornada&Equipo_visitante,0)))} -> Napoli | BK2: {=IFERROR(INDEX(Equipo_visitante,MATCH($BH2&BK$1,Jornada&Equipo_local,0)),INDEX(Equipo_local,MATCH($BH2&BK$1,Jornada&Equipo_visitante,0)))} -> Brugge | BL2: {=IFERROR(INDEX(Equipo_visitante,MATCH($BH2&BL$1,Jornada&Equipo_local,0)),INDEX(Equipo_local,MATCH($BH2&BL$1,Jornada&Equipo_visitante,0)))} -> Liverpool | BM2: {=IFERROR(INDEX(Equipo_visitante,MATCH($BH2&BM$1,Jornada&Equipo_local,0)),INDEX(Equipo_local,MATCH($BH2&BM$1,Jornada&Equipo_visitante,0)))} -> Feyenoord | BN2: {=IFERROR(INDEX(Equipo_visitante,MATCH($BH2&BN$1,Jornada&Equipo_local,0)),INDEX(Equipo_local,MATCH($BH2&BN$1,Jornada&Equipo_visitante,0)))} -> Bodø/Glimt | BO2: {=IFERROR(INDEX(Equipo_visitante,MATCH($BH2&BO$1,Jornada&Equipo_local,0)),INDEX(Equipo_local,MATCH($BH2&BO$1,Jornada&Equipo_visitante,0)))} -> Lille | BP2: {=IFERROR(INDEX(Equipo_visitante,MATCH($BH2&BP$1,Jornada&Equipo_local,0)),INDEX(Equipo_local,MATCH($BH2&BP$1,Jornada&Equipo_visitante,0)))} -> Bayern München | ... CR2: {=IFERROR(INDEX(Equipo_visitante,MATCH($BH2&CR$1,Jornada&Equipo_local,0)),INDEX(Equipo_local,MATCH($BH2&CR$1,Jornada&Equipo_visitante,0)))} -> Borussia Dortmund
A3: 1 | B3: =Horarios!C3 -> 46273.781 | C3: =Horarios!C3 -> 46273.781 | D3: Brugge | E3: {=badge_home} -> #VALUE! | J3: {=badge_away} -> #VALUE! | K3: Aston Villa | N3: 2 | O3: {=badge_away} -> #VALUE! | P3: =IFERROR(INDEX(Calcs!A$2:A$37,MATCH($N3,Calcs!$CJ$2:$CJ$37,0)),"") -> Arsenal | Q3: =IFERROR(INDEX(Calcs!$B$2:$AB$37,MATCH($N3,Calcs!$CJ$2:$CJ$37,0),MATCH(Q$1,Calcs!$B$1:$AB$1,0)),"") -> 0 | R3: =IFERROR(INDEX(Calcs!$B$2:$AB$37,MATCH($N3,Calcs!$CJ$2:$CJ$37,0),MATCH(R$1,Calcs!$B$1:$AB$1,0)),"") -> 0 | S3: =IFERROR(INDEX(Calcs!$B$2:$AB$37,MATCH($N3,Calcs!$CJ$2:$CJ$37,0),MATCH(S$1,Calcs!$B$1:$AB$1,0)),"") -> 0 | T3: =IFERROR(INDEX(Calcs!$B$2:$AB$37,MATCH($N3,Calcs!$CJ$2:$CJ$37,0),MATCH(T$1,Calcs!$B$1:$AB$1,0)),"") -> 0 | U3: =IFERROR(INDEX(Calcs!$B$2:$AB$37,MATCH($N3,Calcs!$CJ$2:$CJ$37,0),MATCH(U$1,Calcs!$B$1:$AB$1,0)),"") -> 0 | V3: =IFERROR(INDEX(Calcs!$B$2:$AB$37,MATCH($N3,Calcs!$CJ$2:$CJ$37,0),MATCH(V$1,Calcs!$B$1:$AB$1,0)),"") -> 0 | W3: =IFERROR(INDEX(Calcs!$B$2:$AB$37,MATCH($N3,Calcs!$CJ$2:$CJ$37,0),MATCH(W$1,Calcs!$B$1:$AB$1,0)),"") -> 0 | X3: =IFERROR(INDEX(Calcs!$B$2:$AB$37,MATCH($N3,Calcs!$CJ$2:$CJ$37,0),MATCH(X$1,Calcs!$B$1:$AB$1,0)),"") -> 0 | ... AQ3: =IFERROR(INDEX(Calcs!$B$2:$AB$37,MATCH($N3,Calcs!$CJ$2:$CJ$37,0),MATCH(AQ$1,Calcs!$B$1:$AB$1,0)),"") -> 0 | AS3: =INDEX(Calcs!A$2:A$37,MATCH($N3,Calcs!$CF$2:$CF$37,0)) -> Arsenal | AU3: =INDEX(Calcs!$BZ$2:$BZ$37,MATCH($AS3,Calcs!$A$2:$A$37,0)) -> 1 | AV3: =COUNTIF($AU$2:$AU$37,$AU3) -> 36 | AW3: =AU3&"."&AV3 -> 1.36 | AX3: 2 | AZ3: =TablaEquipos[[#This Row],[Team]] -> Arsenal | BF3: =IF(OR(G3="",H3=""),"Pendiente",IF(G3>H3,"Local",IF(G3<H3,"Visitante","Empate"))) -> Pendiente | BH3: 2 | BI3: {=IFERROR(INDEX(Equipo_visitante,MATCH($BH3&BI$1,Jornada&Equipo_local,0)),INDEX(Equipo_local,MATCH($BH3&BI$1,Jornada&Equipo_visitante,0)))} -> Shakhtar Donetsk | BJ3: {=IFERROR(INDEX(Equipo_visitante,MATCH($BH3&BJ$1,Jornada&Equipo_local,0)),INDEX(Equipo_local,MATCH($BH3&BJ$1,Jornada&Equipo_visitante,0)))} -> Lille | BK3: {=IFERROR(INDEX(Equipo_visitante,MATCH($BH3&BK$1,Jornada&Equipo_local,0)),INDEX(Equipo_local,MATCH($BH3&BK$1,Jornada&Equipo_visitante,0)))} -> Fenerbahçe | BL3: {=IFERROR(INDEX(Equipo_visitante,MATCH($BH3&BL$1,Jornada&Equipo_local,0)),INDEX(Equipo_local,MATCH($BH3&BL$1,Jornada&Equipo_visitante,0)))} -> Manchester United | BM3: {=IFERROR(INDEX(Equipo_visitante,MATCH($BH3&BM$1,Jornada&Equipo_local,0)),INDEX(Equipo_local,MATCH($BH3&BM$1,Jornada&Equipo_visitante,0)))} -> Galatasaray | BN3: {=IFERROR(INDEX(Equipo_visitante,MATCH($BH3&BN$1,Jornada&Equipo_local,0)),INDEX(Equipo_local,MATCH($BH3&BN$1,Jornada&Equipo_visitante,0)))} -> Viking | BO3: {=IFERROR(INDEX(Equipo_visitante,MATCH($BH3&BO$1,Jornada&Equipo_local,0)),INDEX(Equipo_local,MATCH($BH3&BO$1,Jornada&Equipo_visitante,0)))} -> Porto | BP3: {=IFERROR(INDEX(Equipo_visitante,MATCH($BH3&BP$1,Jornada&Equipo_local,0)),INDEX(Equipo_local,MATCH($BH3&BP$1,Jornada&Equipo_visitante,0)))} -> Borussia Dortmund | ... CR3: {=IFERROR(INDEX(Equipo_visitante,MATCH($BH3&CR$1,Jornada&Equipo_local,0)),INDEX(Equipo_local,MATCH($BH3&CR$1,Jornada&Equipo_visitante,0)))} -> Napoli
A4: 1 | B4: =Horarios!C4 -> 46273.875 | C4: =Horarios!C4 -> 46273.875 | D4: Borussia Dortmund | E4: {=badge_home} -> #VALUE! | J4: {=badge_away} -> #VALUE! | K4: Villarreal | N4: 3 | O4: {=badge_away} -> #VALUE! | P4: =IFERROR(INDEX(Calcs!A$2:A$37,MATCH($N4,Calcs!$CJ$2:$CJ$37,0)),"") -> Aston Villa | Q4: =IFERROR(INDEX(Calcs!$B$2:$AB$37,MATCH($N4,Calcs!$CJ$2:$CJ$37,0),MATCH(Q$1,Calcs!$B$1:$AB$1,0)),"") -> 0 | R4: =IFERROR(INDEX(Calcs!$B$2:$AB$37,MATCH($N4,Calcs!$CJ$2:$CJ$37,0),MATCH(R$1,Calcs!$B$1:$AB$1,0)),"") -> 0 | S4: =IFERROR(INDEX(Calcs!$B$2:$AB$37,MATCH($N4,Calcs!$CJ$2:$CJ$37,0),MATCH(S$1,Calcs!$B$1:$AB$1,0)),"") -> 0 | T4: =IFERROR(INDEX(Calcs!$B$2:$AB$37,MATCH($N4,Calcs!$CJ$2:$CJ$37,0),MATCH(T$1,Calcs!$B$1:$AB$1,0)),"") -> 0 | U4: =IFERROR(INDEX(Calcs!$B$2:$AB$37,MATCH($N4,Calcs!$CJ$2:$CJ$37,0),MATCH(U$1,Calcs!$B$1:$AB$1,0)),"") -> 0 | V4: =IFERROR(INDEX(Calcs!$B$2:$AB$37,MATCH($N4,Calcs!$CJ$2:$CJ$37,0),MATCH(V$1,Calcs!$B$1:$AB$1,0)),"") -> 0 | W4: =IFERROR(INDEX(Calcs!$B$2:$AB$37,MATCH($N4,Calcs!$CJ$2:$CJ$37,0),MATCH(W$1,Calcs!$B$1:$AB$1,0)),"") -> 0 | X4: =IFERROR(INDEX(Calcs!$B$2:$AB$37,MATCH($N4,Calcs!$CJ$2:$CJ$37,0),MATCH(X$1,Calcs!$B$1:$AB$1,0)),"") -> 0 | ... AQ4: =IFERROR(INDEX(Calcs!$B$2:$AB$37,MATCH($N4,Calcs!$CJ$2:$CJ$37,0),MATCH(AQ$1,Calcs!$B$1:$AB$1,0)),"") -> 0 | AS4: =INDEX(Calcs!A$2:A$37,MATCH($N4,Calcs!$CF$2:$CF$37,0)) -> Aston Villa | AU4: =INDEX(Calcs!$BZ$2:$BZ$37,MATCH($AS4,Calcs!$A$2:$A$37,0)) -> 1 | AV4: =COUNTIF($AU$2:$AU$37,$AU4) -> 36 | AW4: =AU4&"."&AV4 -> 1.36 | AX4: 3 | AZ4: =TablaEquipos[[#This Row],[Team]] -> Aston Villa | BF4: =IF(OR(G4="",H4=""),"Pendiente",IF(G4>H4,"Local",IF(G4<H4,"Visitante","Empate"))) -> Pendiente | BH4: 3 | BI4: {=IFERROR(INDEX(Equipo_visitante,MATCH($BH4&BI$1,Jornada&Equipo_local,0)),INDEX(Equipo_local,MATCH($BH4&BI$1,Jornada&Equipo_visitante,0)))} -> Manchester City | BJ4: {=IFERROR(INDEX(Equipo_visitante,MATCH($BH4&BJ$1,Jornada&Equipo_local,0)),INDEX(Equipo_local,MATCH($BH4&BJ$1,Jornada&Equipo_visitante,0)))} -> Bayern München | BK4: {=IFERROR(INDEX(Equipo_visitante,MATCH($BH4&BK$1,Jornada&Equipo_local,0)),INDEX(Equipo_local,MATCH($BH4&BK$1,Jornada&Equipo_visitante,0)))} -> Viking | BL4: {=IFERROR(INDEX(Equipo_visitante,MATCH($BH4&BL$1,Jornada&Equipo_local,0)),INDEX(Equipo_local,MATCH($BH4&BL$1,Jornada&Equipo_visitante,0)))} -> Stuttgart | BM4: {=IFERROR(INDEX(Equipo_visitante,MATCH($BH4&BM$1,Jornada&Equipo_local,0)),INDEX(Equipo_local,MATCH($BH4&BM$1,Jornada&Equipo_visitante,0)))} -> PSG | BN4: {=IFERROR(INDEX(Equipo_visitante,MATCH($BH4&BN$1,Jornada&Equipo_local,0)),INDEX(Equipo_local,MATCH($BH4&BN$1,Jornada&Equipo_visitante,0)))} -> Arsenal | BO4: {=IFERROR(INDEX(Equipo_visitante,MATCH($BH4&BO$1,Jornada&Equipo_local,0)),INDEX(Equipo_local,MATCH($BH4&BO$1,Jornada&Equipo_visitante,0)))} -> Feyenoord | BP4: {=IFERROR(INDEX(Equipo_visitante,MATCH($BH4&BP$1,Jornada&Equipo_local,0)),INDEX(Equipo_local,MATCH($BH4&BP$1,Jornada&Equipo_visitante,0)))} -> Napoli | ... CR4: {=IFERROR(INDEX(Equipo_visitante,MATCH($BH4&CR$1,Jornada&Equipo_local,0)),INDEX(Equipo_local,MATCH($BH4&CR$1,Jornada&Equipo_visitante,0)))} -> Liverpool
A5: 1 | B5: =Horarios!C5 -> 46273.875 | C5: =Horarios!C5 -> 46273.875 | D5: Porto | E5: {=badge_home} -> #VALUE! | J5: {=badge_away} -> #VALUE! | K5: Manchester City | N5: 4 | O5: {=badge_away} -> #VALUE! | P5: =IFERROR(INDEX(Calcs!A$2:A$37,MATCH($N5,Calcs!$CJ$2:$CJ$37,0)),"") -> Atlético Madrid | Q5: =IFERROR(INDEX(Calcs!$B$2:$AB$37,MATCH($N5,Calcs!$CJ$2:$CJ$37,0),MATCH(Q$1,Calcs!$B$1:$AB$1,0)),"") -> 0 | R5: =IFERROR(INDEX(Calcs!$B$2:$AB$37,MATCH($N5,Calcs!$CJ$2:$CJ$37,0),MATCH(R$1,Calcs!$B$1:$AB$1,0)),"") -> 0 | S5: =IFERROR(INDEX(Calcs!$B$2:$AB$37,MATCH($N5,Calcs!$CJ$2:$CJ$37,0),MATCH(S$1,Calcs!$B$1:$AB$1,0)),"") -> 0 | T5: =IFERROR(INDEX(Calcs!$B$2:$AB$37,MATCH($N5,Calcs!$CJ$2:$CJ$37,0),MATCH(T$1,Calcs!$B$1:$AB$1,0)),"") -> 0 | U5: =IFERROR(INDEX(Calcs!$B$2:$AB$37,MATCH($N5,Calcs!$CJ$2:$CJ$37,0),MATCH(U$1,Calcs!$B$1:$AB$1,0)),"") -> 0 | V5: =IFERROR(INDEX(Calcs!$B$2:$AB$37,MATCH($N5,Calcs!$CJ$2:$CJ$37,0),MATCH(V$1,Calcs!$B$1:$AB$1,0)),"") -> 0 | W5: =IFERROR(INDEX(Calcs!$B$2:$AB$37,MATCH($N5,Calcs!$CJ$2:$CJ$37,0),MATCH(W$1,Calcs!$B$1:$AB$1,0)),"") -> 0 | X5: =IFERROR(INDEX(Calcs!$B$2:$AB$37,MATCH($N5,Calcs!$CJ$2:$CJ$37,0),MATCH(X$1,Calcs!$B$1:$AB$1,0)),"") -> 0 | ... AQ5: =IFERROR(INDEX(Calcs!$B$2:$AB$37,MATCH($N5,Calcs!$CJ$2:$CJ$37,0),MATCH(AQ$1,Calcs!$B$1:$AB$1,0)),"") -> 0 | AS5: =INDEX(Calcs!A$2:A$37,MATCH($N5,Calcs!$CF$2:$CF$37,0)) -> Atlético Madrid | AU5: =INDEX(Calcs!$BZ$2:$BZ$37,MATCH($AS5,Calcs!$A$2:$A$37,0)) -> 1 | AV5: =COUNTIF($AU$2:$AU$37,$AU5) -> 36 | AW5: =AU5&"."&AV5 -> 1.36 | AX5: 4 | AZ5: =TablaEquipos[[#This Row],[Team]] -> Atlético Madrid | BF5: =IF(OR(G5="",H5=""),"Pendiente",IF(G5>H5,"Local",IF(G5<H5,"Visitante","Empate"))) -> Pendiente | BH5: 4 | BI5: {=IFERROR(INDEX(Equipo_visitante,MATCH($BH5&BI$1,Jornada&Equipo_local,0)),INDEX(Equipo_local,MATCH($BH5&BI$1,Jornada&Equipo_visitante,0)))} -> Real Madrid | BJ5: {=IFERROR(INDEX(Equipo_visitante,MATCH($BH5&BJ$1,Jornada&Equipo_local,0)),INDEX(Equipo_local,MATCH($BH5&BJ$1,Jornada&Equipo_visitante,0)))} -> Slavia Praha | BK5: {=IFERROR(INDEX(Equipo_visitante,MATCH($BH5&BK$1,Jornada&Equipo_local,0)),INDEX(Equipo_local,MATCH($BH5&BK$1,Jornada&Equipo_visitante,0)))} -> Barcelona | BL5: {=IFERROR(INDEX(Equipo_visitante,MATCH($BH5&BL$1,Jornada&Equipo_local,0)),INDEX(Equipo_local,MATCH($BH5&BL$1,Jornada&Equipo_visitante,0)))} -> Bayern München | BM5: {=IFERROR(INDEX(Equipo_visitante,MATCH($BH5&BM$1,Jornada&Equipo_local,0)),INDEX(Equipo_local,MATCH($BH5&BM$1,Jornada&Equipo_visitante,0)))} -> Aston Villa | BN5: {=IFERROR(INDEX(Equipo_visitante,MATCH($BH5&BN$1,Jornada&Equipo_local,0)),INDEX(Equipo_local,MATCH($BH5&BN$1,Jornada&Equipo_visitante,0)))} -> Atlético Madrid | BO5: {=IFERROR(INDEX(Equipo_visitante,MATCH($BH5&BO$1,Jornada&Equipo_local,0)),INDEX(Equipo_local,MATCH($BH5&BO$1,Jornada&Equipo_visitante,0)))} -> Borussia Dortmund | BP5: {=IFERROR(INDEX(Equipo_visitante,MATCH($BH5&BP$1,Jornada&Equipo_local,0)),INDEX(Equipo_local,MATCH($BH5&BP$1,Jornada&Equipo_visitante,0)))} -> Lille | ... CR5: {=IFERROR(INDEX(Equipo_visitante,MATCH($BH5&CR$1,Jornada&Equipo_local,0)),INDEX(Equipo_local,MATCH($BH5&CR$1,Jornada&Equipo_visitante,0)))} -> PSG
A6: 1 | B6: =Horarios!C6 -> 46273.875 | C6: =Horarios!C6 -> 46273.875 | D6: Lille | E6: {=badge_home} -> #VALUE! | J6: {=badge_away} -> #VALUE! | K6: Betis | N6: 5 | O6: {=badge_away} -> #VALUE! | P6: =IFERROR(INDEX(Calcs!A$2:A$37,MATCH($N6,Calcs!$CJ$2:$CJ$37,0)),"") -> Barcelona | Q6: =IFERROR(INDEX(Calcs!$B$2:$AB$37,MATCH($N6,Calcs!$CJ$2:$CJ$37,0),MATCH(Q$1,Calcs!$B$1:$AB$1,0)),"") -> 0 | R6: =IFERROR(INDEX(Calcs!$B$2:$AB$37,MATCH($N6,Calcs!$CJ$2:$CJ$37,0),MATCH(R$1,Calcs!$B$1:$AB$1,0)),"") -> 0 | S6: =IFERROR(INDEX(Calcs!$B$2:$AB$37,MATCH($N6,Calcs!$CJ$2:$CJ$37,0),MATCH(S$1,Calcs!$B$1:$AB$1,0)),"") -> 0 | T6: =IFERROR(INDEX(Calcs!$B$2:$AB$37,MATCH($N6,Calcs!$CJ$2:$CJ$37,0),MATCH(T$1,Calcs!$B$1:$AB$1,0)),"") -> 0 | U6: =IFERROR(INDEX(Calcs!$B$2:$AB$37,MATCH($N6,Calcs!$CJ$2:$CJ$37,0),MATCH(U$1,Calcs!$B$1:$AB$1,0)),"") -> 0 | V6: =IFERROR(INDEX(Calcs!$B$2:$AB$37,MATCH($N6,Calcs!$CJ$2:$CJ$37,0),MATCH(V$1,Calcs!$B$1:$AB$1,0)),"") -> 0 | W6: =IFERROR(INDEX(Calcs!$B$2:$AB$37,MATCH($N6,Calcs!$CJ$2:$CJ$37,0),MATCH(W$1,Calcs!$B$1:$AB$1,0)),"") -> 0 | X6: =IFERROR(INDEX(Calcs!$B$2:$AB$37,MATCH($N6,Calcs!$CJ$2:$CJ$37,0),MATCH(X$1,Calcs!$B$1:$AB$1,0)),"") -> 0 | ... AQ6: =IFERROR(INDEX(Calcs!$B$2:$AB$37,MATCH($N6,Calcs!$CJ$2:$CJ$37,0),MATCH(AQ$1,Calcs!$B$1:$AB$1,0)),"") -> 0 | AS6: =INDEX(Calcs!A$2:A$37,MATCH($N6,Calcs!$CF$2:$CF$37,0)) -> Barcelona | AU6: =INDEX(Calcs!$BZ$2:$BZ$37,MATCH($AS6,Calcs!$A$2:$A$37,0)) -> 1 | AV6: =COUNTIF($AU$2:$AU$37,$AU6) -> 36 | AW6: =AU6&"."&AV6 -> 1.36 | AX6: 5 | AZ6: =TablaEquipos[[#This Row],[Team]] -> Barcelona | BF6: =IF(OR(G6="",H6=""),"Pendiente",IF(G6>H6,"Local",IF(G6<H6,"Visitante","Empate"))) -> Pendiente | BG6: {=IFERROR(INDEX(Equipo_visitante,SMALL(IF(BI$1=Equipo_local,ROW(Equipo_visitante)-MIN(ROW(Equipo_local))+1,""),ROW()-5)),"")} -> LASK | BH6: 5 | BI6: {=IFERROR(INDEX(Equipo_visitante,MATCH($BH6&BI$1,Jornada&Equipo_local,0)),INDEX(Equipo_local,MATCH($BH6&BI$1,Jornada&Equipo_visitante,0)))} -> Como | BJ6: {=IFERROR(INDEX(Equipo_visitante,MATCH($BH6&BJ$1,Jornada&Equipo_local,0)),INDEX(Equipo_local,MATCH($BH6&BJ$1,Jornada&Equipo_visitante,0)))} -> Borussia Dortmund | BK6: {=IFERROR(INDEX(Equipo_visitante,MATCH($BH6&BK$1,Jornada&Equipo_local,0)),INDEX(Equipo_local,MATCH($BH6&BK$1,Jornada&Equipo_visitante,0)))} -> Galatasaray | BL6: {=IFERROR(INDEX(Equipo_visitante,MATCH($BH6&BL$1,Jornada&Equipo_local,0)),INDEX(Equipo_local,MATCH($BH6&BL$1,Jornada&Equipo_visitante,0)))} -> Viking | BM6: {=IFERROR(INDEX(Equipo_visitante,MATCH($BH6&BM$1,Jornada&Equipo_local,0)),INDEX(Equipo_local,MATCH($BH6&BM$1,Jornada&Equipo_visitante,0)))} -> Sabah | BN6: {=IFERROR(INDEX(Equipo_visitante,MATCH($BH6&BN$1,Jornada&Equipo_local,0)),INDEX(Equipo_local,MATCH($BH6&BN$1,Jornada&Equipo_visitante,0)))} -> Lille | BO6: {=IFERROR(INDEX(Equipo_visitante,MATCH($BH6&BO$1,Jornada&Equipo_local,0)),INDEX(Equipo_local,MATCH($BH6&BO$1,Jornada&Equipo_visitante,0)))} -> Slovan Bratislava | BP6: {=IFERROR(INDEX(Equipo_visitante,MATCH($BH6&BP$1,Jornada&Equipo_local,0)),INDEX(Equipo_local,MATCH($BH6&BP$1,Jornada&Equipo_visitante,0)))} -> LASK | ... CR6: {=IFERROR(INDEX(Equipo_visitante,MATCH($BH6&CR$1,Jornada&Equipo_local,0)),INDEX(Equipo_local,MATCH($BH6&CR$1,Jornada&Equipo_visitante,0)))} -> Slavia Praha
A7: 1 | B7: =Horarios!C7 -> 46273.875 | C7: =Horarios!C7 -> 46273.875 | D7: Real Madrid | E7: {=badge_home} -> #VALUE! | J7: {=badge_away} -> #VALUE! | K7: Inter Milan | N7: 6 | O7: {=badge_away} -> #VALUE! | P7: =IFERROR(INDEX(Calcs!A$2:A$37,MATCH($N7,Calcs!$CJ$2:$CJ$37,0)),"") -> Bayern München | Q7: =IFERROR(INDEX(Calcs!$B$2:$AB$37,MATCH($N7,Calcs!$CJ$2:$CJ$37,0),MATCH(Q$1,Calcs!$B$1:$AB$1,0)),"") -> 0 | R7: =IFERROR(INDEX(Calcs!$B$2:$AB$37,MATCH($N7,Calcs!$CJ$2:$CJ$37,0),MATCH(R$1,Calcs!$B$1:$AB$1,0)),"") -> 0 | S7: =IFERROR(INDEX(Calcs!$B$2:$AB$37,MATCH($N7,Calcs!$CJ$2:$CJ$37,0),MATCH(S$1,Calcs!$B$1:$AB$1,0)),"") -> 0 | T7: =IFERROR(INDEX(Calcs!$B$2:$AB$37,MATCH($N7,Calcs!$CJ$2:$CJ$37,0),MATCH(T$1,Calcs!$B$1:$AB$1,0)),"") -> 0 | U7: =IFERROR(INDEX(Calcs!$B$2:$AB$37,MATCH($N7,Calcs!$CJ$2:$CJ$37,0),MATCH(U$1,Calcs!$B$1:$AB$1,0)),"") -> 0 | V7: =IFERROR(INDEX(Calcs!$B$2:$AB$37,MATCH($N7,Calcs!$CJ$2:$CJ$37,0),MATCH(V$1,Calcs!$B$1:$AB$1,0)),"") -> 0 | W7: =IFERROR(INDEX(Calcs!$B$2:$AB$37,MATCH($N7,Calcs!$CJ$2:$CJ$37,0),MATCH(W$1,Calcs!$B$1:$AB$1,0)),"") -> 0 | X7: =IFERROR(INDEX(Calcs!$B$2:$AB$37,MATCH($N7,Calcs!$CJ$2:$CJ$37,0),MATCH(X$1,Calcs!$B$1:$AB$1,0)),"") -> 0 | ... AQ7: =IFERROR(INDEX(Calcs!$B$2:$AB$37,MATCH($N7,Calcs!$CJ$2:$CJ$37,0),MATCH(AQ$1,Calcs!$B$1:$AB$1,0)),"") -> 0 | AS7: =INDEX(Calcs!A$2:A$37,MATCH($N7,Calcs!$CF$2:$CF$37,0)) -> Bayern München | AU7: =INDEX(Calcs!$BZ$2:$BZ$37,MATCH($AS7,Calcs!$A$2:$A$37,0)) -> 1 | AV7: =COUNTIF($AU$2:$AU$37,$AU7) -> 36 | AW7: =AU7&"."&AV7 -> 1.36 | AX7: 6 | AZ7: =TablaEquipos[[#This Row],[Team]] -> Bayern München | BF7: =IF(OR(G7="",H7=""),"Pendiente",IF(G7>H7,"Local",IF(G7<H7,"Visitante","Empate"))) -> Pendiente | BH7: 6 | BI7: {=IFERROR(INDEX(Equipo_visitante,MATCH($BH7&BI$1,Jornada&Equipo_local,0)),INDEX(Equipo_local,MATCH($BH7&BI$1,Jornada&Equipo_visitante,0)))} -> Galatasaray | BJ7: {=IFERROR(INDEX(Equipo_visitante,MATCH($BH7&BJ$1,Jornada&Equipo_local,0)),INDEX(Equipo_local,MATCH($BH7&BJ$1,Jornada&Equipo_visitante,0)))} -> Real Madrid | BK7: {=IFERROR(INDEX(Equipo_visitante,MATCH($BH7&BK$1,Jornada&Equipo_local,0)),INDEX(Equipo_local,MATCH($BH7&BK$1,Jornada&Equipo_visitante,0)))} -> PSG | BL7: {=IFERROR(INDEX(Equipo_visitante,MATCH($BH7&BL$1,Jornada&Equipo_local,0)),INDEX(Equipo_local,MATCH($BH7&BL$1,Jornada&Equipo_visitante,0)))} -> PSV Eindhoven | BM7: {=IFERROR(INDEX(Equipo_visitante,MATCH($BH7&BM$1,Jornada&Equipo_local,0)),INDEX(Equipo_local,MATCH($BH7&BM$1,Jornada&Equipo_visitante,0)))} -> Manchester City | BN7: {=IFERROR(INDEX(Equipo_visitante,MATCH($BH7&BN$1,Jornada&Equipo_local,0)),INDEX(Equipo_local,MATCH($BH7&BN$1,Jornada&Equipo_visitante,0)))} -> Slavia Praha | BO7: {=IFERROR(INDEX(Equipo_visitante,MATCH($BH7&BO$1,Jornada&Equipo_local,0)),INDEX(Equipo_local,MATCH($BH7&BO$1,Jornada&Equipo_visitante,0)))} -> Como | BP7: {=IFERROR(INDEX(Equipo_visitante,MATCH($BH7&BP$1,Jornada&Equipo_local,0)),INDEX(Equipo_local,MATCH($BH7&BP$1,Jornada&Equipo_visitante,0)))} -> Lens | ... CR7: {=IFERROR(INDEX(Equipo_visitante,MATCH($BH7&CR$1,Jornada&Equipo_local,0)),INDEX(Equipo_local,MATCH($BH7&CR$1,Jornada&Equipo_visitante,0)))} -> Sabah
A8: 1 | B8: =Horarios!C8 -> 46274.781 | C8: =Horarios!C8 -> 46274.781 | D8: Barcelona | E8: {=badge_home} -> #VALUE! | J8: {=badge_away} -> #VALUE! | K8: Feyenoord | N8: 7 | O8: {=badge_away} -> #VALUE! | P8: =IFERROR(INDEX(Calcs!A$2:A$37,MATCH($N8,Calcs!$CJ$2:$CJ$37,0)),"") -> Betis | Q8: =IFERROR(INDEX(Calcs!$B$2:$AB$37,MATCH($N8,Calcs!$CJ$2:$CJ$37,0),MATCH(Q$1,Calcs!$B$1:$AB$1,0)),"") -> 0 | R8: =IFERROR(INDEX(Calcs!$B$2:$AB$37,MATCH($N8,Calcs!$CJ$2:$CJ$37,0),MATCH(R$1,Calcs!$B$1:$AB$1,0)),"") -> 0 | S8: =IFERROR(INDEX(Calcs!$B$2:$AB$37,MATCH($N8,Calcs!$CJ$2:$CJ$37,0),MATCH(S$1,Calcs!$B$1:$AB$1,0)),"") -> 0 | T8: =IFERROR(INDEX(Calcs!$B$2:$AB$37,MATCH($N8,Calcs!$CJ$2:$CJ$37,0),MATCH(T$1,Calcs!$B$1:$AB$1,0)),"") -> 0 | U8: =IFERROR(INDEX(Calcs!$B$2:$AB$37,MATCH($N8,Calcs!$CJ$2:$CJ$37,0),MATCH(U$1,Calcs!$B$1:$AB$1,0)),"") -> 0 | V8: =IFERROR(INDEX(Calcs!$B$2:$AB$37,MATCH($N8,Calcs!$CJ$2:$CJ$37,0),MATCH(V$1,Calcs!$B$1:$AB$1,0)),"") -> 0 | W8: =IFERROR(INDEX(Calcs!$B$2:$AB$37,MATCH($N8,Calcs!$CJ$2:$CJ$37,0),MATCH(W$1,Calcs!$B$1:$AB$1,0)),"") -> 0 | X8: =IFERROR(INDEX(Calcs!$B$2:$AB$37,MATCH($N8,Calcs!$CJ$2:$CJ$37,0),MATCH(X$1,Calcs!$B$1:$AB$1,0)),"") -> 0 | ... AQ8: =IFERROR(INDEX(Calcs!$B$2:$AB$37,MATCH($N8,Calcs!$CJ$2:$CJ$37,0),MATCH(AQ$1,Calcs!$B$1:$AB$1,0)),"") -> 0 | AS8: =INDEX(Calcs!A$2:A$37,MATCH($N8,Calcs!$CF$2:$CF$37,0)) -> Betis | AU8: =INDEX(Calcs!$BZ$2:$BZ$37,MATCH($AS8,Calcs!$A$2:$A$37,0)) -> 1 | AV8: =COUNTIF($AU$2:$AU$37,$AU8) -> 36 | AW8: =AU8&"."&AV8 -> 1.36 | AX8: 7 | AZ8: =TablaEquipos[[#This Row],[Team]] -> Betis | BF8: =IF(OR(G8="",H8=""),"Pendiente",IF(G8>H8,"Local",IF(G8<H8,"Visitante","Empate"))) -> Pendiente | BH8: 7 | BI8: {=IFERROR(INDEX(Equipo_visitante,MATCH($BH8&BI$1,Jornada&Equipo_local,0)),INDEX(Equipo_local,MATCH($BH8&BI$1,Jornada&Equipo_visitante,0)))} -> Roma | BJ8: {=IFERROR(INDEX(Equipo_visitante,MATCH($BH8&BJ$1,Jornada&Equipo_local,0)),INDEX(Equipo_local,MATCH($BH8&BJ$1,Jornada&Equipo_visitante,0)))} -> Betis | BK8: {=IFERROR(INDEX(Equipo_visitante,MATCH($BH8&BK$1,Jornada&Equipo_local,0)),INDEX(Equipo_local,MATCH($BH8&BK$1,Jornada&Equipo_visitante,0)))} -> Borussia Dortmund | BL8: {=IFERROR(INDEX(Equipo_visitante,MATCH($BH8&BL$1,Jornada&Equipo_local,0)),INDEX(Equipo_local,MATCH($BH8&BL$1,Jornada&Equipo_visitante,0)))} -> Bodø/Glimt | BM8: {=IFERROR(INDEX(Equipo_visitante,MATCH($BH8&BM$1,Jornada&Equipo_local,0)),INDEX(Equipo_local,MATCH($BH8&BM$1,Jornada&Equipo_visitante,0)))} -> Sporting Portugal | BN8: {=IFERROR(INDEX(Equipo_visitante,MATCH($BH8&BN$1,Jornada&Equipo_local,0)),INDEX(Equipo_local,MATCH($BH8&BN$1,Jornada&Equipo_visitante,0)))} -> Manchester United | BO8: {=IFERROR(INDEX(Equipo_visitante,MATCH($BH8&BO$1,Jornada&Equipo_local,0)),INDEX(Equipo_local,MATCH($BH8&BO$1,Jornada&Equipo_visitante,0)))} -> Arsenal | BP8: {=IFERROR(INDEX(Equipo_visitante,MATCH($BH8&BP$1,Jornada&Equipo_local,0)),INDEX(Equipo_local,MATCH($BH8&BP$1,Jornada&Equipo_visitante,0)))} -> Atlético Madrid | ... CR8: {=IFERROR(INDEX(Equipo_visitante,MATCH($BH8&CR$1,Jornada&Equipo_local,0)),INDEX(Equipo_local,MATCH($BH8&CR$1,Jornada&Equipo_visitante,0)))} -> Fenerbahçe
A9: 1 | B9: =Horarios!C9 -> 46274.781 | C9: =Horarios!C9 -> 46274.781 | D9: Stuttgart | E9: {=badge_home} -> #VALUE! | J9: {=badge_away} -> #VALUE! | K9: Viking | N9: 8 | O9: {=badge_away} -> #VALUE! | P9: =IFERROR(INDEX(Calcs!A$2:A$37,MATCH($N9,Calcs!$CJ$2:$CJ$37,0)),"") -> Bodø/Glimt | Q9: =IFERROR(INDEX(Calcs!$B$2:$AB$37,MATCH($N9,Calcs!$CJ$2:$CJ$37,0),MATCH(Q$1,Calcs!$B$1:$AB$1,0)),"") -> 0 | R9: =IFERROR(INDEX(Calcs!$B$2:$AB$37,MATCH($N9,Calcs!$CJ$2:$CJ$37,0),MATCH(R$1,Calcs!$B$1:$AB$1,0)),"") -> 0 | S9: =IFERROR(INDEX(Calcs!$B$2:$AB$37,MATCH($N9,Calcs!$CJ$2:$CJ$37,0),MATCH(S$1,Calcs!$B$1:$AB$1,0)),"") -> 0 | T9: =IFERROR(INDEX(Calcs!$B$2:$AB$37,MATCH($N9,Calcs!$CJ$2:$CJ$37,0),MATCH(T$1,Calcs!$B$1:$AB$1,0)),"") -> 0 | U9: =IFERROR(INDEX(Calcs!$B$2:$AB$37,MATCH($N9,Calcs!$CJ$2:$CJ$37,0),MATCH(U$1,Calcs!$B$1:$AB$1,0)),"") -> 0 | V9: =IFERROR(INDEX(Calcs!$B$2:$AB$37,MATCH($N9,Calcs!$CJ$2:$CJ$37,0),MATCH(V$1,Calcs!$B$1:$AB$1,0)),"") -> 0 | W9: =IFERROR(INDEX(Calcs!$B$2:$AB$37,MATCH($N9,Calcs!$CJ$2:$CJ$37,0),MATCH(W$1,Calcs!$B$1:$AB$1,0)),"") -> 0 | X9: =IFERROR(INDEX(Calcs!$B$2:$AB$37,MATCH($N9,Calcs!$CJ$2:$CJ$37,0),MATCH(X$1,Calcs!$B$1:$AB$1,0)),"") -> 0 | ... AQ9: =IFERROR(INDEX(Calcs!$B$2:$AB$37,MATCH($N9,Calcs!$CJ$2:$CJ$37,0),MATCH(AQ$1,Calcs!$B$1:$AB$1,0)),"") -> 0 | AS9: =INDEX(Calcs!A$2:A$37,MATCH($N9,Calcs!$CF$2:$CF$37,0)) -> Bodø/Glimt | AU9: =INDEX(Calcs!$BZ$2:$BZ$37,MATCH($AS9,Calcs!$A$2:$A$37,0)) -> 1 | AV9: =COUNTIF($AU$2:$AU$37,$AU9) -> 36 | AW9: =AU9&"."&AV9 -> 1.36 | AX9: 8 | AZ9: =TablaEquipos[[#This Row],[Team]] -> Bodø/Glimt | BF9: =IF(OR(G9="",H9=""),"Pendiente",IF(G9>H9,"Local",IF(G9<H9,"Visitante","Empate"))) -> Pendiente | BH9: 8 | BI9: {=IFERROR(INDEX(Equipo_visitante,MATCH($BH9&BI$1,Jornada&Equipo_local,0)),INDEX(Equipo_local,MATCH($BH9&BI$1,Jornada&Equipo_visitante,0)))} -> Borussia Dortmund | BJ9: {=IFERROR(INDEX(Equipo_visitante,MATCH($BH9&BJ$1,Jornada&Equipo_local,0)),INDEX(Equipo_local,MATCH($BH9&BJ$1,Jornada&Equipo_visitante,0)))} -> Sabah | BK9: {=IFERROR(INDEX(Equipo_visitante,MATCH($BH9&BK$1,Jornada&Equipo_local,0)),INDEX(Equipo_local,MATCH($BH9&BK$1,Jornada&Equipo_visitante,0)))} -> Slavia Praha | BL9: {=IFERROR(INDEX(Equipo_visitante,MATCH($BH9&BL$1,Jornada&Equipo_local,0)),INDEX(Equipo_local,MATCH($BH9&BL$1,Jornada&Equipo_visitante,0)))} -> Fenerbahçe | BM9: {=IFERROR(INDEX(Equipo_visitante,MATCH($BH9&BM$1,Jornada&Equipo_local,0)),INDEX(Equipo_local,MATCH($BH9&BM$1,Jornada&Equipo_visitante,0)))} -> Como | BN9: {=IFERROR(INDEX(Equipo_visitante,MATCH($BH9&BN$1,Jornada&Equipo_local,0)),INDEX(Equipo_local,MATCH($BH9&BN$1,Jornada&Equipo_visitante,0)))} -> Betis | BO9: {=IFERROR(INDEX(Equipo_visitante,MATCH($BH9&BO$1,Jornada&Equipo_local,0)),INDEX(Equipo_local,MATCH($BH9&BO$1,Jornada&Equipo_visitante,0)))} -> Bayern München | BP9: {=IFERROR(INDEX(Equipo_visitante,MATCH($BH9&BP$1,Jornada&Equipo_local,0)),INDEX(Equipo_local,MATCH($BH9&BP$1,Jornada&Equipo_visitante,0)))} -> Brugge | ... CR9: {=IFERROR(INDEX(Equipo_visitante,MATCH($BH9&CR$1,Jornada&Equipo_local,0)),INDEX(Equipo_local,MATCH($BH9&CR$1,Jornada&Equipo_visitante,0)))} -> Manchester United
A10: 1 | B10: =Horarios!C10 -> 46274.875 | C10: =Horarios!C10 -> 46274.875 | D10: Liverpool | E10: {=badge_home} -> #VALUE! | J10: {=badge_away} -> #VALUE! | K10: Atlético Madrid | N10: 9 | O10: {=badge_away} -> #VALUE! | P10: =IFERROR(INDEX(Calcs!A$2:A$37,MATCH($N10,Calcs!$CJ$2:$CJ$37,0)),"") -> Borussia Dortmund | Q10: =IFERROR(INDEX(Calcs!$B$2:$AB$37,MATCH($N10,Calcs!$CJ$2:$CJ$37,0),MATCH(Q$1,Calcs!$B$1:$AB$1,0)),"") -> 0 | R10: =IFERROR(INDEX(Calcs!$B$2:$AB$37,MATCH($N10,Calcs!$CJ$2:$CJ$37,0),MATCH(R$1,Calcs!$B$1:$AB$1,0)),"") -> 0 | S10: =IFERROR(INDEX(Calcs!$B$2:$AB$37,MATCH($N10,Calcs!$CJ$2:$CJ$37,0),MATCH(S$1,Calcs!$B$1:$AB$1,0)),"") -> 0 | T10: =IFERROR(INDEX(Calcs!$B$2:$AB$37,MATCH($N10,Calcs!$CJ$2:$CJ$37,0),MATCH(T$1,Calcs!$B$1:$AB$1,0)),"") -> 0 | U10: =IFERROR(INDEX(Calcs!$B$2:$AB$37,MATCH($N10,Calcs!$CJ$2:$CJ$37,0),MATCH(U$1,Calcs!$B$1:$AB$1,0)),"") -> 0 | V10: =IFERROR(INDEX(Calcs!$B$2:$AB$37,MATCH($N10,Calcs!$CJ$2:$CJ$37,0),MATCH(V$1,Calcs!$B$1:$AB$1,0)),"") -> 0 | W10: =IFERROR(INDEX(Calcs!$B$2:$AB$37,MATCH($N10,Calcs!$CJ$2:$CJ$37,0),MATCH(W$1,Calcs!$B$1:$AB$1,0)),"") -> 0 | X10: =IFERROR(INDEX(Calcs!$B$2:$AB$37,MATCH($N10,Calcs!$CJ$2:$CJ$37,0),MATCH(X$1,Calcs!$B$1:$AB$1,0)),"") -> 0 | ... AQ10: =IFERROR(INDEX(Calcs!$B$2:$AB$37,MATCH($N10,Calcs!$CJ$2:$CJ$37,0),MATCH(AQ$1,Calcs!$B$1:$AB$1,0)),"") -> 0 | AS10: =INDEX(Calcs!A$2:A$37,MATCH($N10,Calcs!$CF$2:$CF$37,0)) -> Borussia Dortmund | AU10: =INDEX(Calcs!$BZ$2:$BZ$37,MATCH($AS10,Calcs!$A$2:$A$37,0)) -> 1 | AV10: =COUNTIF($AU$2:$AU$37,$AU10) -> 36 | AW10: =AU10&"."&AV10 -> 1.36 | AX10: 9 | AZ10: =TablaEquipos[[#This Row],[Team]] -> Borussia Dortmund | BF10: =IF(OR(G10="",H10=""),"Pendiente",IF(G10>H10,"Local",IF(G10<H10,"Visitante","Empate"))) -> Pendiente | BH10: Puntos | BI10: =SUMIF(Calcs!$A$2:$A$37,League!BI2,Calcs!$I$2:$I$37)-INDEX($BA$2:$BA$37,MATCH(BI2,$AZ$2:$AZ$37,0)) -> 0 | BJ10: =SUMIF(Calcs!$A$2:$A$37,League!BJ2,Calcs!$I$2:$I$37)-INDEX($BA$2:$BA$37,MATCH(BJ2,$AZ$2:$AZ$37,0)) -> 0 | BK10: =SUMIF(Calcs!$A$2:$A$37,League!BK2,Calcs!$I$2:$I$37)-INDEX($BA$2:$BA$37,MATCH(BK2,$AZ$2:$AZ$37,0)) -> 0 | BL10: =SUMIF(Calcs!$A$2:$A$37,League!BL2,Calcs!$I$2:$I$37)-INDEX($BA$2:$BA$37,MATCH(BL2,$AZ$2:$AZ$37,0)) -> 0 | BM10: =SUMIF(Calcs!$A$2:$A$37,League!BM2,Calcs!$I$2:$I$37)-INDEX($BA$2:$BA$37,MATCH(BM2,$AZ$2:$AZ$37,0)) -> 0 | BN10: =SUMIF(Calcs!$A$2:$A$37,League!BN2,Calcs!$I$2:$I$37)-INDEX($BA$2:$BA$37,MATCH(BN2,$AZ$2:$AZ$37,0)) -> 0 | BO10: =SUMIF(Calcs!$A$2:$A$37,League!BO2,Calcs!$I$2:$I$37)-INDEX($BA$2:$BA$37,MATCH(BO2,$AZ$2:$AZ$37,0)) -> 0 | BP10: =SUMIF(Calcs!$A$2:$A$37,League!BP2,Calcs!$I$2:$I$37)-INDEX($BA$2:$BA$37,MATCH(BP2,$AZ$2:$AZ$37,0)) -> 0 | ... CR10: =SUMIF(Calcs!$A$2:$A$37,League!CR2,Calcs!$I$2:$I$37)-INDEX($BA$2:$BA$37,MATCH(CR2,$AZ$2:$AZ$37,0)) -> 0
A11: 1 | B11: =Horarios!C11 -> 46274.875 | C11: =Horarios!C11 -> 46274.875 | D11: PSG | E11: {=badge_home} -> #VALUE! | J11: {=badge_away} -> #VALUE! | K11: Slovan Bratislava | N11: 10 | O11: {=badge_away} -> #VALUE! | P11: =IFERROR(INDEX(Calcs!A$2:A$37,MATCH($N11,Calcs!$CJ$2:$CJ$37,0)),"") -> Brugge | Q11: =IFERROR(INDEX(Calcs!$B$2:$AB$37,MATCH($N11,Calcs!$CJ$2:$CJ$37,0),MATCH(Q$1,Calcs!$B$1:$AB$1,0)),"") -> 0 | R11: =IFERROR(INDEX(Calcs!$B$2:$AB$37,MATCH($N11,Calcs!$CJ$2:$CJ$37,0),MATCH(R$1,Calcs!$B$1:$AB$1,0)),"") -> 0 | S11: =IFERROR(INDEX(Calcs!$B$2:$AB$37,MATCH($N11,Calcs!$CJ$2:$CJ$37,0),MATCH(S$1,Calcs!$B$1:$AB$1,0)),"") -> 0 | T11: =IFERROR(INDEX(Calcs!$B$2:$AB$37,MATCH($N11,Calcs!$CJ$2:$CJ$37,0),MATCH(T$1,Calcs!$B$1:$AB$1,0)),"") -> 0 | U11: =IFERROR(INDEX(Calcs!$B$2:$AB$37,MATCH($N11,Calcs!$CJ$2:$CJ$37,0),MATCH(U$1,Calcs!$B$1:$AB$1,0)),"") -> 0 | V11: =IFERROR(INDEX(Calcs!$B$2:$AB$37,MATCH($N11,Calcs!$CJ$2:$CJ$37,0),MATCH(V$1,Calcs!$B$1:$AB$1,0)),"") -> 0 | W11: =IFERROR(INDEX(Calcs!$B$2:$AB$37,MATCH($N11,Calcs!$CJ$2:$CJ$37,0),MATCH(W$1,Calcs!$B$1:$AB$1,0)),"") -> 0 | X11: =IFERROR(INDEX(Calcs!$B$2:$AB$37,MATCH($N11,Calcs!$CJ$2:$CJ$37,0),MATCH(X$1,Calcs!$B$1:$AB$1,0)),"") -> 0 | ... AQ11: =IFERROR(INDEX(Calcs!$B$2:$AB$37,MATCH($N11,Calcs!$CJ$2:$CJ$37,0),MATCH(AQ$1,Calcs!$B$1:$AB$1,0)),"") -> 0 | AS11: =INDEX(Calcs!A$2:A$37,MATCH($N11,Calcs!$CF$2:$CF$37,0)) -> Brugge | AU11: =INDEX(Calcs!$BZ$2:$BZ$37,MATCH($AS11,Calcs!$A$2:$A$37,0)) -> 1 | AV11: =COUNTIF($AU$2:$AU$37,$AU11) -> 36 | AW11: =AU11&"."&AV11 -> 1.36 | AX11: 10 | AZ11: =TablaEquipos[[#This Row],[Team]] -> Brugge | BF11: =IF(OR(G11="",H11=""),"Pendiente",IF(G11>H11,"Local",IF(G11<H11,"Visitante","Empate"))) -> Pendiente | BI11: =SUMIF(Calcs!$A$2:$A$37,League!BI3,Calcs!$I$2:$I$37)-INDEX($BA$2:$BA$37,MATCH(BI3,$AZ$2:$AZ$37,0)) -> 0 | BJ11: =SUMIF(Calcs!$A$2:$A$37,League!BJ3,Calcs!$I$2:$I$37)-INDEX($BA$2:$BA$37,MATCH(BJ3,$AZ$2:$AZ$37,0)) -> 0 | BK11: =SUMIF(Calcs!$A$2:$A$37,League!BK3,Calcs!$I$2:$I$37)-INDEX($BA$2:$BA$37,MATCH(BK3,$AZ$2:$AZ$37,0)) -> 0 | BL11: =SUMIF(Calcs!$A$2:$A$37,League!BL3,Calcs!$I$2:$I$37)-INDEX($BA$2:$BA$37,MATCH(BL3,$AZ$2:$AZ$37,0)) -> 0 | BM11: =SUMIF(Calcs!$A$2:$A$37,League!BM3,Calcs!$I$2:$I$37)-INDEX($BA$2:$BA$37,MATCH(BM3,$AZ$2:$AZ$37,0)) -> 0 | BN11: =SUMIF(Calcs!$A$2:$A$37,League!BN3,Calcs!$I$2:$I$37)-INDEX($BA$2:$BA$37,MATCH(BN3,$AZ$2:$AZ$37,0)) -> 0 | BO11: =SUMIF(Calcs!$A$2:$A$37,League!BO3,Calcs!$I$2:$I$37)-INDEX($BA$2:$BA$37,MATCH(BO3,$AZ$2:$AZ$37,0)) -> 0 | BP11: =SUMIF(Calcs!$A$2:$A$37,League!BP3,Calcs!$I$2:$I$37)-INDEX($BA$2:$BA$37,MATCH(BP3,$AZ$2:$AZ$37,0)) -> 0 | ... CR11: =SUMIF(Calcs!$A$2:$A$37,League!CR3,Calcs!$I$2:$I$37)-INDEX($BA$2:$BA$37,MATCH(CR3,$AZ$2:$AZ$37,0)) -> 0
A12: 1 | B12: =Horarios!C12 -> 46274.875 | C12: =Horarios!C12 -> 46274.875 | D12: Sporting Portugal | E12: {=badge_home} -> #VALUE! | J12: {=badge_away} -> #VALUE! | K12: Galatasaray | N12: 11 | O12: {=badge_away} -> #VALUE! | P12: =IFERROR(INDEX(Calcs!A$2:A$37,MATCH($N12,Calcs!$CJ$2:$CJ$37,0)),"") -> Como | Q12: =IFERROR(INDEX(Calcs!$B$2:$AB$37,MATCH($N12,Calcs!$CJ$2:$CJ$37,0),MATCH(Q$1,Calcs!$B$1:$AB$1,0)),"") -> 0 | R12: =IFERROR(INDEX(Calcs!$B$2:$AB$37,MATCH($N12,Calcs!$CJ$2:$CJ$37,0),MATCH(R$1,Calcs!$B$1:$AB$1,0)),"") -> 0 | S12: =IFERROR(INDEX(Calcs!$B$2:$AB$37,MATCH($N12,Calcs!$CJ$2:$CJ$37,0),MATCH(S$1,Calcs!$B$1:$AB$1,0)),"") -> 0 | T12: =IFERROR(INDEX(Calcs!$B$2:$AB$37,MATCH($N12,Calcs!$CJ$2:$CJ$37,0),MATCH(T$1,Calcs!$B$1:$AB$1,0)),"") -> 0 | U12: =IFERROR(INDEX(Calcs!$B$2:$AB$37,MATCH($N12,Calcs!$CJ$2:$CJ$37,0),MATCH(U$1,Calcs!$B$1:$AB$1,0)),"") -> 0 | V12: =IFERROR(INDEX(Calcs!$B$2:$AB$37,MATCH($N12,Calcs!$CJ$2:$CJ$37,0),MATCH(V$1,Calcs!$B$1:$AB$1,0)),"") -> 0 | W12: =IFERROR(INDEX(Calcs!$B$2:$AB$37,MATCH($N12,Calcs!$CJ$2:$CJ$37,0),MATCH(W$1,Calcs!$B$1:$AB$1,0)),"") -> 0 | X12: =IFERROR(INDEX(Calcs!$B$2:$AB$37,MATCH($N12,Calcs!$CJ$2:$CJ$37,0),MATCH(X$1,Calcs!$B$1:$AB$1,0)),"") -> 0 | ... AQ12: =IFERROR(INDEX(Calcs!$B$2:$AB$37,MATCH($N12,Calcs!$CJ$2:$CJ$37,0),MATCH(AQ$1,Calcs!$B$1:$AB$1,0)),"") -> 0 | AS12: =INDEX(Calcs!A$2:A$37,MATCH($N12,Calcs!$CF$2:$CF$37,0)) -> Como | AU12: =INDEX(Calcs!$BZ$2:$BZ$37,MATCH($AS12,Calcs!$A$2:$A$37,0)) -> 1 | AV12: =COUNTIF($AU$2:$AU$37,$AU12) -> 36 | AW12: =AU12&"."&AV12 -> 1.36 | AX12: 11 | AZ12: =TablaEquipos[[#This Row],[Team]] -> Como | BF12: =IF(OR(G12="",H12=""),"Pendiente",IF(G12>H12,"Local",IF(G12<H12,"Visitante","Empate"))) -> Pendiente | BI12: =SUMIF(Calcs!$A$2:$A$37,League!BI4,Calcs!$I$2:$I$37)-INDEX($BA$2:$BA$37,MATCH(BI4,$AZ$2:$AZ$37,0)) -> 0 | BJ12: =SUMIF(Calcs!$A$2:$A$37,League!BJ4,Calcs!$I$2:$I$37)-INDEX($BA$2:$BA$37,MATCH(BJ4,$AZ$2:$AZ$37,0)) -> 0 | BK12: =SUMIF(Calcs!$A$2:$A$37,League!BK4,Calcs!$I$2:$I$37)-INDEX($BA$2:$BA$37,MATCH(BK4,$AZ$2:$AZ$37,0)) -> 0 | BL12: =SUMIF(Calcs!$A$2:$A$37,League!BL4,Calcs!$I$2:$I$37)-INDEX($BA$2:$BA$37,MATCH(BL4,$AZ$2:$AZ$37,0)) -> 0 | BM12: =SUMIF(Calcs!$A$2:$A$37,League!BM4,Calcs!$I$2:$I$37)-INDEX($BA$2:$BA$37,MATCH(BM4,$AZ$2:$AZ$37,0)) -> 0 | BN12: =SUMIF(Calcs!$A$2:$A$37,League!BN4,Calcs!$I$2:$I$37)-INDEX($BA$2:$BA$37,MATCH(BN4,$AZ$2:$AZ$37,0)) -> 0 | BO12: =SUMIF(Calcs!$A$2:$A$37,League!BO4,Calcs!$I$2:$I$37)-INDEX($BA$2:$BA$37,MATCH(BO4,$AZ$2:$AZ$37,0)) -> 0 | BP12: =SUMIF(Calcs!$A$2:$A$37,League!BP4,Calcs!$I$2:$I$37)-INDEX($BA$2:$BA$37,MATCH(BP4,$AZ$2:$AZ$37,0)) -> 0 | ... CR12: =SUMIF(Calcs!$A$2:$A$37,League!CR4,Calcs!$I$2:$I$37)-INDEX($BA$2:$BA$37,MATCH(CR4,$AZ$2:$AZ$37,0)) -> 0
A13: 1 | B13: =Horarios!C13 -> 46274.875 | C13: =Horarios!C13 -> 46274.875 | D13: Napoli | E13: {=badge_home} -> #VALUE! | J13: {=badge_away} -> #VALUE! | K13: Arsenal | N13: 12 | O13: {=badge_away} -> #VALUE! | P13: =IFERROR(INDEX(Calcs!A$2:A$37,MATCH($N13,Calcs!$CJ$2:$CJ$37,0)),"") -> Fenerbahçe | Q13: =IFERROR(INDEX(Calcs!$B$2:$AB$37,MATCH($N13,Calcs!$CJ$2:$CJ$37,0),MATCH(Q$1,Calcs!$B$1:$AB$1,0)),"") -> 0 | R13: =IFERROR(INDEX(Calcs!$B$2:$AB$37,MATCH($N13,Calcs!$CJ$2:$CJ$37,0),MATCH(R$1,Calcs!$B$1:$AB$1,0)),"") -> 0 | S13: =IFERROR(INDEX(Calcs!$B$2:$AB$37,MATCH($N13,Calcs!$CJ$2:$CJ$37,0),MATCH(S$1,Calcs!$B$1:$AB$1,0)),"") -> 0 | T13: =IFERROR(INDEX(Calcs!$B$2:$AB$37,MATCH($N13,Calcs!$CJ$2:$CJ$37,0),MATCH(T$1,Calcs!$B$1:$AB$1,0)),"") -> 0 | U13: =IFERROR(INDEX(Calcs!$B$2:$AB$37,MATCH($N13,Calcs!$CJ$2:$CJ$37,0),MATCH(U$1,Calcs!$B$1:$AB$1,0)),"") -> 0 | V13: =IFERROR(INDEX(Calcs!$B$2:$AB$37,MATCH($N13,Calcs!$CJ$2:$CJ$37,0),MATCH(V$1,Calcs!$B$1:$AB$1,0)),"") -> 0 | W13: =IFERROR(INDEX(Calcs!$B$2:$AB$37,MATCH($N13,Calcs!$CJ$2:$CJ$37,0),MATCH(W$1,Calcs!$B$1:$AB$1,0)),"") -> 0 | X13: =IFERROR(INDEX(Calcs!$B$2:$AB$37,MATCH($N13,Calcs!$CJ$2:$CJ$37,0),MATCH(X$1,Calcs!$B$1:$AB$1,0)),"") -> 0 | ... AQ13: =IFERROR(INDEX(Calcs!$B$2:$AB$37,MATCH($N13,Calcs!$CJ$2:$CJ$37,0),MATCH(AQ$1,Calcs!$B$1:$AB$1,0)),"") -> 0 | AS13: =INDEX(Calcs!A$2:A$37,MATCH($N13,Calcs!$CF$2:$CF$37,0)) -> Fenerbahçe | AU13: =INDEX(Calcs!$BZ$2:$BZ$37,MATCH($AS13,Calcs!$A$2:$A$37,0)) -> 1 | AV13: =COUNTIF($AU$2:$AU$37,$AU13) -> 36 | AW13: =AU13&"."&AV13 -> 1.36 | AX13: 12 | AZ13: =TablaEquipos[[#This Row],[Team]] -> Fenerbahçe | BF13: =IF(OR(G13="",H13=""),"Pendiente",IF(G13>H13,"Local",IF(G13<H13,"Visitante","Empate"))) -> Pendiente | BI13: =SUMIF(Calcs!$A$2:$A$37,League!BI5,Calcs!$I$2:$I$37)-INDEX($BA$2:$BA$37,MATCH(BI5,$AZ$2:$AZ$37,0)) -> 0 | BJ13: =SUMIF(Calcs!$A$2:$A$37,League!BJ5,Calcs!$I$2:$I$37)-INDEX($BA$2:$BA$37,MATCH(BJ5,$AZ$2:$AZ$37,0)) -> 0 | BK13: =SUMIF(Calcs!$A$2:$A$37,League!BK5,Calcs!$I$2:$I$37)-INDEX($BA$2:$BA$37,MATCH(BK5,$AZ$2:$AZ$37,0)) -> 0 | BL13: =SUMIF(Calcs!$A$2:$A$37,League!BL5,Calcs!$I$2:$I$37)-INDEX($BA$2:$BA$37,MATCH(BL5,$AZ$2:$AZ$37,0)) -> 0 | BM13: =SUMIF(Calcs!$A$2:$A$37,League!BM5,Calcs!$I$2:$I$37)-INDEX($BA$2:$BA$37,MATCH(BM5,$AZ$2:$AZ$37,0)) -> 0 | BN13: =SUMIF(Calcs!$A$2:$A$37,League!BN5,Calcs!$I$2:$I$37)-INDEX($BA$2:$BA$37,MATCH(BN5,$AZ$2:$AZ$37,0)) -> 0 | BO13: =SUMIF(Calcs!$A$2:$A$37,League!BO5,Calcs!$I$2:$I$37)-INDEX($BA$2:$BA$37,MATCH(BO5,$AZ$2:$AZ$37,0)) -> 0 | BP13: =SUMIF(Calcs!$A$2:$A$37,League!BP5,Calcs!$I$2:$I$37)-INDEX($BA$2:$BA$37,MATCH(BP5,$AZ$2:$AZ$37,0)) -> 0 | ... CR13: =SUMIF(Calcs!$A$2:$A$37,League!CR5,Calcs!$I$2:$I$37)-INDEX($BA$2:$BA$37,MATCH(CR5,$AZ$2:$AZ$37,0)) -> 0
A14: 1 | B14: =Horarios!C14 -> 46275.781 | C14: =Horarios!C14 -> 46275.781 | D14: Fenerbahçe | E14: {=badge_home} -> #VALUE! | J14: {=badge_away} -> #VALUE! | K14: Roma | N14: 13 | O14: {=badge_away} -> #VALUE! | P14: =IFERROR(INDEX(Calcs!A$2:A$37,MATCH($N14,Calcs!$CJ$2:$CJ$37,0)),"") -> Feyenoord | Q14: =IFERROR(INDEX(Calcs!$B$2:$AB$37,MATCH($N14,Calcs!$CJ$2:$CJ$37,0),MATCH(Q$1,Calcs!$B$1:$AB$1,0)),"") -> 0 | R14: =IFERROR(INDEX(Calcs!$B$2:$AB$37,MATCH($N14,Calcs!$CJ$2:$CJ$37,0),MATCH(R$1,Calcs!$B$1:$AB$1,0)),"") -> 0 | S14: =IFERROR(INDEX(Calcs!$B$2:$AB$37,MATCH($N14,Calcs!$CJ$2:$CJ$37,0),MATCH(S$1,Calcs!$B$1:$AB$1,0)),"") -> 0 | T14: =IFERROR(INDEX(Calcs!$B$2:$AB$37,MATCH($N14,Calcs!$CJ$2:$CJ$37,0),MATCH(T$1,Calcs!$B$1:$AB$1,0)),"") -> 0 | U14: =IFERROR(INDEX(Calcs!$B$2:$AB$37,MATCH($N14,Calcs!$CJ$2:$CJ$37,0),MATCH(U$1,Calcs!$B$1:$AB$1,0)),"") -> 0 | V14: =IFERROR(INDEX(Calcs!$B$2:$AB$37,MATCH($N14,Calcs!$CJ$2:$CJ$37,0),MATCH(V$1,Calcs!$B$1:$AB$1,0)),"") -> 0 | W14: =IFERROR(INDEX(Calcs!$B$2:$AB$37,MATCH($N14,Calcs!$CJ$2:$CJ$37,0),MATCH(W$1,Calcs!$B$1:$AB$1,0)),"") -> 0 | X14: =IFERROR(INDEX(Calcs!$B$2:$AB$37,MATCH($N14,Calcs!$CJ$2:$CJ$37,0),MATCH(X$1,Calcs!$B$1:$AB$1,0)),"") -> 0 | ... AQ14: =IFERROR(INDEX(Calcs!$B$2:$AB$37,MATCH($N14,Calcs!$CJ$2:$CJ$37,0),MATCH(AQ$1,Calcs!$B$1:$AB$1,0)),"") -> 0 | AS14: =INDEX(Calcs!A$2:A$37,MATCH($N14,Calcs!$CF$2:$CF$37,0)) -> Feyenoord | AU14: =INDEX(Calcs!$BZ$2:$BZ$37,MATCH($AS14,Calcs!$A$2:$A$37,0)) -> 1 | AV14: =COUNTIF($AU$2:$AU$37,$AU14) -> 36 | AW14: =AU14&"."&AV14 -> 1.36 | AX14: 13 | AZ14: =TablaEquipos[[#This Row],[Team]] -> Feyenoord | BF14: =IF(OR(G14="",H14=""),"Pendiente",IF(G14>H14,"Local",IF(G14<H14,"Visitante","Empate"))) -> Pendiente | BI14: =SUMIF(Calcs!$A$2:$A$37,League!BI6,Calcs!$I$2:$I$37)-INDEX($BA$2:$BA$37,MATCH(BI6,$AZ$2:$AZ$37,0)) -> 0 | BJ14: =SUMIF(Calcs!$A$2:$A$37,League!BJ6,Calcs!$I$2:$I$37)-INDEX($BA$2:$BA$37,MATCH(BJ6,$AZ$2:$AZ$37,0)) -> 0 | BK14: =SUMIF(Calcs!$A$2:$A$37,League!BK6,Calcs!$I$2:$I$37)-INDEX($BA$2:$BA$37,MATCH(BK6,$AZ$2:$AZ$37,0)) -> 0 | BL14: =SUMIF(Calcs!$A$2:$A$37,League!BL6,Calcs!$I$2:$I$37)-INDEX($BA$2:$BA$37,MATCH(BL6,$AZ$2:$AZ$37,0)) -> 0 | BM14: =SUMIF(Calcs!$A$2:$A$37,League!BM6,Calcs!$I$2:$I$37)-INDEX($BA$2:$BA$37,MATCH(BM6,$AZ$2:$AZ$37,0)) -> 0 | BN14: =SUMIF(Calcs!$A$2:$A$37,League!BN6,Calcs!$I$2:$I$37)-INDEX($BA$2:$BA$37,MATCH(BN6,$AZ$2:$AZ$37,0)) -> 0 | BO14: =SUMIF(Calcs!$A$2:$A$37,League!BO6,Calcs!$I$2:$I$37)-INDEX($BA$2:$BA$37,MATCH(BO6,$AZ$2:$AZ$37,0)) -> 0 | BP14: =SUMIF(Calcs!$A$2:$A$37,League!BP6,Calcs!$I$2:$I$37)-INDEX($BA$2:$BA$37,MATCH(BP6,$AZ$2:$AZ$37,0)) -> 0 | ... CR14: =SUMIF(Calcs!$A$2:$A$37,League!CR6,Calcs!$I$2:$I$37)-INDEX($BA$2:$BA$37,MATCH(CR6,$AZ$2:$AZ$37,0)) -> 0
A15: 1 | B15: =Horarios!C15 -> 46275.781 | C15: =Horarios!C15 -> 46275.781 | D15: PSV Eindhoven | E15: {=badge_home} -> #VALUE! | J15: {=badge_away} -> #VALUE! | K15: Shakhtar Donetsk | N15: 14 | O15: {=badge_away} -> #VALUE! | P15: =IFERROR(INDEX(Calcs!A$2:A$37,MATCH($N15,Calcs!$CJ$2:$CJ$37,0)),"") -> Galatasaray | Q15: =IFERROR(INDEX(Calcs!$B$2:$AB$37,MATCH($N15,Calcs!$CJ$2:$CJ$37,0),MATCH(Q$1,Calcs!$B$1:$AB$1,0)),"") -> 0 | R15: =IFERROR(INDEX(Calcs!$B$2:$AB$37,MATCH($N15,Calcs!$CJ$2:$CJ$37,0),MATCH(R$1,Calcs!$B$1:$AB$1,0)),"") -> 0 | S15: =IFERROR(INDEX(Calcs!$B$2:$AB$37,MATCH($N15,Calcs!$CJ$2:$CJ$37,0),MATCH(S$1,Calcs!$B$1:$AB$1,0)),"") -> 0 | T15: =IFERROR(INDEX(Calcs!$B$2:$AB$37,MATCH($N15,Calcs!$CJ$2:$CJ$37,0),MATCH(T$1,Calcs!$B$1:$AB$1,0)),"") -> 0 | U15: =IFERROR(INDEX(Calcs!$B$2:$AB$37,MATCH($N15,Calcs!$CJ$2:$CJ$37,0),MATCH(U$1,Calcs!$B$1:$AB$1,0)),"") -> 0 | V15: =IFERROR(INDEX(Calcs!$B$2:$AB$37,MATCH($N15,Calcs!$CJ$2:$CJ$37,0),MATCH(V$1,Calcs!$B$1:$AB$1,0)),"") -> 0 | W15: =IFERROR(INDEX(Calcs!$B$2:$AB$37,MATCH($N15,Calcs!$CJ$2:$CJ$37,0),MATCH(W$1,Calcs!$B$1:$AB$1,0)),"") -> 0 | X15: =IFERROR(INDEX(Calcs!$B$2:$AB$37,MATCH($N15,Calcs!$CJ$2:$CJ$37,0),MATCH(X$1,Calcs!$B$1:$AB$1,0)),"") -> 0 | ... AQ15: =IFERROR(INDEX(Calcs!$B$2:$AB$37,MATCH($N15,Calcs!$CJ$2:$CJ$37,0),MATCH(AQ$1,Calcs!$B$1:$AB$1,0)),"") -> 0 | AS15: =INDEX(Calcs!A$2:A$37,MATCH($N15,Calcs!$CF$2:$CF$37,0)) -> Galatasaray | AU15: =INDEX(Calcs!$BZ$2:$BZ$37,MATCH($AS15,Calcs!$A$2:$A$37,0)) -> 1 | AV15: =COUNTIF($AU$2:$AU$37,$AU15) -> 36 | AW15: =AU15&"."&AV15 -> 1.36 | AX15: 14 | AZ15: =TablaEquipos[[#This Row],[Team]] -> Galatasaray | BF15: =IF(OR(G15="",H15=""),"Pendiente",IF(G15>H15,"Local",IF(G15<H15,"Visitante","Empate"))) -> Pendiente | BI15: =SUMIF(Calcs!$A$2:$A$37,League!BI7,Calcs!$I$2:$I$37)-INDEX($BA$2:$BA$37,MATCH(BI7,$AZ$2:$AZ$37,0)) -> 0 | BJ15: =SUMIF(Calcs!$A$2:$A$37,League!BJ7,Calcs!$I$2:$I$37)-INDEX($BA$2:$BA$37,MATCH(BJ7,$AZ$2:$AZ$37,0)) -> 0 | BK15: =SUMIF(Calcs!$A$2:$A$37,League!BK7,Calcs!$I$2:$I$37)-INDEX($BA$2:$BA$37,MATCH(BK7,$AZ$2:$AZ$37,0)) -> 0 | BL15: =SUMIF(Calcs!$A$2:$A$37,League!BL7,Calcs!$I$2:$I$37)-INDEX($BA$2:$BA$37,MATCH(BL7,$AZ$2:$AZ$37,0)) -> 0 | BM15: =SUMIF(Calcs!$A$2:$A$37,League!BM7,Calcs!$I$2:$I$37)-INDEX($BA$2:$BA$37,MATCH(BM7,$AZ$2:$AZ$37,0)) -> 0 | BN15: =SUMIF(Calcs!$A$2:$A$37,League!BN7,Calcs!$I$2:$I$37)-INDEX($BA$2:$BA$37,MATCH(BN7,$AZ$2:$AZ$37,0)) -> 0 | BO15: =SUMIF(Calcs!$A$2:$A$37,League!BO7,Calcs!$I$2:$I$37)-INDEX($BA$2:$BA$37,MATCH(BO7,$AZ$2:$AZ$37,0)) -> 0 | BP15: =SUMIF(Calcs!$A$2:$A$37,League!BP7,Calcs!$I$2:$I$37)-INDEX($BA$2:$BA$37,MATCH(BP7,$AZ$2:$AZ$37,0)) -> 0 | ... CR15: =SUMIF(Calcs!$A$2:$A$37,League!CR7,Calcs!$I$2:$I$37)-INDEX($BA$2:$BA$37,MATCH(CR7,$AZ$2:$AZ$37,0)) -> 0
A16: 1 | B16: =Horarios!C16 -> 46275.875 | C16: =Horarios!C16 -> 46275.875 | D16: Como | E16: {=badge_home} -> #VALUE! | J16: {=badge_away} -> #VALUE! | K16: Leipzig | N16: 15 | O16: {=badge_away} -> #VALUE! | P16: =IFERROR(INDEX(Calcs!A$2:A$37,MATCH($N16,Calcs!$CJ$2:$CJ$37,0)),"") -> Inter Milan | Q16: =IFERROR(INDEX(Calcs!$B$2:$AB$37,MATCH($N16,Calcs!$CJ$2:$CJ$37,0),MATCH(Q$1,Calcs!$B$1:$AB$1,0)),"") -> 0 | R16: =IFERROR(INDEX(Calcs!$B$2:$AB$37,MATCH($N16,Calcs!$CJ$2:$CJ$37,0),MATCH(R$1,Calcs!$B$1:$AB$1,0)),"") -> 0 | S16: =IFERROR(INDEX(Calcs!$B$2:$AB$37,MATCH($N16,Calcs!$CJ$2:$CJ$37,0),MATCH(S$1,Calcs!$B$1:$AB$1,0)),"") -> 0 | T16: =IFERROR(INDEX(Calcs!$B$2:$AB$37,MATCH($N16,Calcs!$CJ$2:$CJ$37,0),MATCH(T$1,Calcs!$B$1:$AB$1,0)),"") -> 0 | U16: =IFERROR(INDEX(Calcs!$B$2:$AB$37,MATCH($N16,Calcs!$CJ$2:$CJ$37,0),MATCH(U$1,Calcs!$B$1:$AB$1,0)),"") -> 0 | V16: =IFERROR(INDEX(Calcs!$B$2:$AB$37,MATCH($N16,Calcs!$CJ$2:$CJ$37,0),MATCH(V$1,Calcs!$B$1:$AB$1,0)),"") -> 0 | W16: =IFERROR(INDEX(Calcs!$B$2:$AB$37,MATCH($N16,Calcs!$CJ$2:$CJ$37,0),MATCH(W$1,Calcs!$B$1:$AB$1,0)),"") -> 0 | X16: =IFERROR(INDEX(Calcs!$B$2:$AB$37,MATCH($N16,Calcs!$CJ$2:$CJ$37,0),MATCH(X$1,Calcs!$B$1:$AB$1,0)),"") -> 0 | ... AQ16: =IFERROR(INDEX(Calcs!$B$2:$AB$37,MATCH($N16,Calcs!$CJ$2:$CJ$37,0),MATCH(AQ$1,Calcs!$B$1:$AB$1,0)),"") -> 0 | AS16: =INDEX(Calcs!A$2:A$37,MATCH($N16,Calcs!$CF$2:$CF$37,0)) -> Inter Milan | AU16: =INDEX(Calcs!$BZ$2:$BZ$37,MATCH($AS16,Calcs!$A$2:$A$37,0)) -> 1 | AV16: =COUNTIF($AU$2:$AU$37,$AU16) -> 36 | AW16: =AU16&"."&AV16 -> 1.36 | AX16: 15 | AZ16: =TablaEquipos[[#This Row],[Team]] -> Inter Milan | BF16: =IF(OR(G16="",H16=""),"Pendiente",IF(G16>H16,"Local",IF(G16<H16,"Visitante","Empate"))) -> Pendiente | BI16: =SUMIF(Calcs!$A$2:$A$37,League!BI8,Calcs!$I$2:$I$37)-INDEX($BA$2:$BA$37,MATCH(BI8,$AZ$2:$AZ$37,0)) -> 0 | BJ16: =SUMIF(Calcs!$A$2:$A$37,League!BJ8,Calcs!$I$2:$I$37)-INDEX($BA$2:$BA$37,MATCH(BJ8,$AZ$2:$AZ$37,0)) -> 0 | BK16: =SUMIF(Calcs!$A$2:$A$37,League!BK8,Calcs!$I$2:$I$37)-INDEX($BA$2:$BA$37,MATCH(BK8,$AZ$2:$AZ$37,0)) -> 0 | BL16: =SUMIF(Calcs!$A$2:$A$37,League!BL8,Calcs!$I$2:$I$37)-INDEX($BA$2:$BA$37,MATCH(BL8,$AZ$2:$AZ$37,0)) -> 0 | BM16: =SUMIF(Calcs!$A$2:$A$37,League!BM8,Calcs!$I$2:$I$37)-INDEX($BA$2:$BA$37,MATCH(BM8,$AZ$2:$AZ$37,0)) -> 0 | BN16: =SUMIF(Calcs!$A$2:$A$37,League!BN8,Calcs!$I$2:$I$37)-INDEX($BA$2:$BA$37,MATCH(BN8,$AZ$2:$AZ$37,0)) -> 0 | BO16: =SUMIF(Calcs!$A$2:$A$37,League!BO8,Calcs!$I$2:$I$37)-INDEX($BA$2:$BA$37,MATCH(BO8,$AZ$2:$AZ$37,0)) -> 0 | BP16: =SUMIF(Calcs!$A$2:$A$37,League!BP8,Calcs!$I$2:$I$37)-INDEX($BA$2:$BA$37,MATCH(BP8,$AZ$2:$AZ$37,0)) -> 0 | ... CR16: =SUMIF(Calcs!$A$2:$A$37,League!CR8,Calcs!$I$2:$I$37)-INDEX($BA$2:$BA$37,MATCH(CR8,$AZ$2:$AZ$37,0)) -> 0
A17: 1 | B17: =Horarios!C17 -> 46275.875 | C17: =Horarios!C17 -> 46275.875 | D17: Bayern München | E17: {=badge_home} -> #VALUE! | J17: {=badge_away} -> #VALUE! | K17: Bodø/Glimt | N17: 16 | O17: {=badge_away} -> #VALUE! | P17: =IFERROR(INDEX(Calcs!A$2:A$37,MATCH($N17,Calcs!$CJ$2:$CJ$37,0)),"") -> LASK | Q17: =IFERROR(INDEX(Calcs!$B$2:$AB$37,MATCH($N17,Calcs!$CJ$2:$CJ$37,0),MATCH(Q$1,Calcs!$B$1:$AB$1,0)),"") -> 0 | R17: =IFERROR(INDEX(Calcs!$B$2:$AB$37,MATCH($N17,Calcs!$CJ$2:$CJ$37,0),MATCH(R$1,Calcs!$B$1:$AB$1,0)),"") -> 0 | S17: =IFERROR(INDEX(Calcs!$B$2:$AB$37,MATCH($N17,Calcs!$CJ$2:$CJ$37,0),MATCH(S$1,Calcs!$B$1:$AB$1,0)),"") -> 0 | T17: =IFERROR(INDEX(Calcs!$B$2:$AB$37,MATCH($N17,Calcs!$CJ$2:$CJ$37,0),MATCH(T$1,Calcs!$B$1:$AB$1,0)),"") -> 0 | U17: =IFERROR(INDEX(Calcs!$B$2:$AB$37,MATCH($N17,Calcs!$CJ$2:$CJ$37,0),MATCH(U$1,Calcs!$B$1:$AB$1,0)),"") -> 0 | V17: =IFERROR(INDEX(Calcs!$B$2:$AB$37,MATCH($N17,Calcs!$CJ$2:$CJ$37,0),MATCH(V$1,Calcs!$B$1:$AB$1,0)),"") -> 0 | W17: =IFERROR(INDEX(Calcs!$B$2:$AB$37,MATCH($N17,Calcs!$CJ$2:$CJ$37,0),MATCH(W$1,Calcs!$B$1:$AB$1,0)),"") -> 0 | X17: =IFERROR(INDEX(Calcs!$B$2:$AB$37,MATCH($N17,Calcs!$CJ$2:$CJ$37,0),MATCH(X$1,Calcs!$B$1:$AB$1,0)),"") -> 0 | ... AQ17: =IFERROR(INDEX(Calcs!$B$2:$AB$37,MATCH($N17,Calcs!$CJ$2:$CJ$37,0),MATCH(AQ$1,Calcs!$B$1:$AB$1,0)),"") -> 0 | AS17: =INDEX(Calcs!A$2:A$37,MATCH($N17,Calcs!$CF$2:$CF$37,0)) -> LASK | AU17: =INDEX(Calcs!$BZ$2:$BZ$37,MATCH($AS17,Calcs!$A$2:$A$37,0)) -> 1 | AV17: =COUNTIF($AU$2:$AU$37,$AU17) -> 36 | AW17: =AU17&"."&AV17 -> 1.36 | AX17: 16 | AZ17: =TablaEquipos[[#This Row],[Team]] -> LASK | BF17: =IF(OR(G17="",H17=""),"Pendiente",IF(G17>H17,"Local",IF(G17<H17,"Visitante","Empate"))) -> Pendiente | BI17: =SUMIF(Calcs!$A$2:$A$37,League!BI9,Calcs!$I$2:$I$37)-INDEX($BA$2:$BA$37,MATCH(BI9,$AZ$2:$AZ$37,0)) -> 0 | BJ17: =SUMIF(Calcs!$A$2:$A$37,League!BJ9,Calcs!$I$2:$I$37)-INDEX($BA$2:$BA$37,MATCH(BJ9,$AZ$2:$AZ$37,0)) -> 0 | BK17: =SUMIF(Calcs!$A$2:$A$37,League!BK9,Calcs!$I$2:$I$37)-INDEX($BA$2:$BA$37,MATCH(BK9,$AZ$2:$AZ$37,0)) -> 0 | BL17: =SUMIF(Calcs!$A$2:$A$37,League!BL9,Calcs!$I$2:$I$37)-INDEX($BA$2:$BA$37,MATCH(BL9,$AZ$2:$AZ$37,0)) -> 0 | BM17: =SUMIF(Calcs!$A$2:$A$37,League!BM9,Calcs!$I$2:$I$37)-INDEX($BA$2:$BA$37,MATCH(BM9,$AZ$2:$AZ$37,0)) -> 0 | BN17: =SUMIF(Calcs!$A$2:$A$37,League!BN9,Calcs!$I$2:$I$37)-INDEX($BA$2:$BA$37,MATCH(BN9,$AZ$2:$AZ$37,0)) -> 0 | BO17: =SUMIF(Calcs!$A$2:$A$37,League!BO9,Calcs!$I$2:$I$37)-INDEX($BA$2:$BA$37,MATCH(BO9,$AZ$2:$AZ$37,0)) -> 0 | BP17: =SUMIF(Calcs!$A$2:$A$37,League!BP9,Calcs!$I$2:$I$37)-INDEX($BA$2:$BA$37,MATCH(BP9,$AZ$2:$AZ$37,0)) -> 0 | ... CR17: =SUMIF(Calcs!$A$2:$A$37,League!CR9,Calcs!$I$2:$I$37)-INDEX($BA$2:$BA$37,MATCH(CR9,$AZ$2:$AZ$37,0)) -> 0
A18: 1 | B18: =Horarios!C18 -> 46275.875 | C18: =Horarios!C18 -> 46275.875 | D18: Manchester United | E18: {=badge_home} -> #VALUE! | J18: {=badge_away} -> #VALUE! | K18: Sabah | N18: 17 | O18: {=badge_away} -> #VALUE! | P18: =IFERROR(INDEX(Calcs!A$2:A$37,MATCH($N18,Calcs!$CJ$2:$CJ$37,0)),"") -> Leipzig | Q18: =IFERROR(INDEX(Calcs!$B$2:$AB$37,MATCH($N18,Calcs!$CJ$2:$CJ$37,0),MATCH(Q$1,Calcs!$B$1:$AB$1,0)),"") -> 0 | R18: =IFERROR(INDEX(Calcs!$B$2:$AB$37,MATCH($N18,Calcs!$CJ$2:$CJ$37,0),MATCH(R$1,Calcs!$B$1:$AB$1,0)),"") -> 0 | S18: =IFERROR(INDEX(Calcs!$B$2:$AB$37,MATCH($N18,Calcs!$CJ$2:$CJ$37,0),MATCH(S$1,Calcs!$B$1:$AB$1,0)),"") -> 0 | T18: =IFERROR(INDEX(Calcs!$B$2:$AB$37,MATCH($N18,Calcs!$CJ$2:$CJ$37,0),MATCH(T$1,Calcs!$B$1:$AB$1,0)),"") -> 0 | U18: =IFERROR(INDEX(Calcs!$B$2:$AB$37,MATCH($N18,Calcs!$CJ$2:$CJ$37,0),MATCH(U$1,Calcs!$B$1:$AB$1,0)),"") -> 0 | V18: =IFERROR(INDEX(Calcs!$B$2:$AB$37,MATCH($N18,Calcs!$CJ$2:$CJ$37,0),MATCH(V$1,Calcs!$B$1:$AB$1,0)),"") -> 0 | W18: =IFERROR(INDEX(Calcs!$B$2:$AB$37,MATCH($N18,Calcs!$CJ$2:$CJ$37,0),MATCH(W$1,Calcs!$B$1:$AB$1,0)),"") -> 0 | X18: =IFERROR(INDEX(Calcs!$B$2:$AB$37,MATCH($N18,Calcs!$CJ$2:$CJ$37,0),MATCH(X$1,Calcs!$B$1:$AB$1,0)),"") -> 0 | ... AQ18: =IFERROR(INDEX(Calcs!$B$2:$AB$37,MATCH($N18,Calcs!$CJ$2:$CJ$37,0),MATCH(AQ$1,Calcs!$B$1:$AB$1,0)),"") -> 0 | AS18: =INDEX(Calcs!A$2:A$37,MATCH($N18,Calcs!$CF$2:$CF$37,0)) -> Leipzig | AU18: =INDEX(Calcs!$BZ$2:$BZ$37,MATCH($AS18,Calcs!$A$2:$A$37,0)) -> 1 | AV18: =COUNTIF($AU$2:$AU$37,$AU18) -> 36 | AW18: =AU18&"."&AV18 -> 1.36 | AX18: 17 | AZ18: =TablaEquipos[[#This Row],[Team]] -> Leipzig | BF18: =IF(OR(G18="",H18=""),"Pendiente",IF(G18>H18,"Local",IF(G18<H18,"Visitante","Empate"))) -> Pendiente | BH18: Puntos Oponentes | BI18: =SUM(BI10:BI17) -> 0 | BJ18: =SUM(BJ10:BJ17) -> 0 | BK18: =SUM(BK10:BK17) -> 0 | BL18: =SUM(BL10:BL17) -> 0 | BM18: =SUM(BM10:BM17) -> 0 | BN18: =SUM(BN10:BN17) -> 0 | BO18: =SUM(BO10:BO17) -> 0 | BP18: =SUM(BP10:BP17) -> 0 | ... CR18: =SUM(CR10:CR17) -> 0
A19: 1 | B19: =Horarios!C19 -> 46275.875 | C19: =Horarios!C19 -> 46275.875 | D19: Slavia Praha | E19: {=badge_home} -> #VALUE! | J19: {=badge_away} -> #VALUE! | K19: Lens | N19: 18 | O19: {=badge_away} -> #VALUE! | P19: =IFERROR(INDEX(Calcs!A$2:A$37,MATCH($N19,Calcs!$CJ$2:$CJ$37,0)),"") -> Lens | Q19: =IFERROR(INDEX(Calcs!$B$2:$AB$37,MATCH($N19,Calcs!$CJ$2:$CJ$37,0),MATCH(Q$1,Calcs!$B$1:$AB$1,0)),"") -> 0 | R19: =IFERROR(INDEX(Calcs!$B$2:$AB$37,MATCH($N19,Calcs!$CJ$2:$CJ$37,0),MATCH(R$1,Calcs!$B$1:$AB$1,0)),"") -> 0 | S19: =IFERROR(INDEX(Calcs!$B$2:$AB$37,MATCH($N19,Calcs!$CJ$2:$CJ$37,0),MATCH(S$1,Calcs!$B$1:$AB$1,0)),"") -> 0 | T19: =IFERROR(INDEX(Calcs!$B$2:$AB$37,MATCH($N19,Calcs!$CJ$2:$CJ$37,0),MATCH(T$1,Calcs!$B$1:$AB$1,0)),"") -> 0 | U19: =IFERROR(INDEX(Calcs!$B$2:$AB$37,MATCH($N19,Calcs!$CJ$2:$CJ$37,0),MATCH(U$1,Calcs!$B$1:$AB$1,0)),"") -> 0 | V19: =IFERROR(INDEX(Calcs!$B$2:$AB$37,MATCH($N19,Calcs!$CJ$2:$CJ$37,0),MATCH(V$1,Calcs!$B$1:$AB$1,0)),"") -> 0 | W19: =IFERROR(INDEX(Calcs!$B$2:$AB$37,MATCH($N19,Calcs!$CJ$2:$CJ$37,0),MATCH(W$1,Calcs!$B$1:$AB$1,0)),"") -> 0 | X19: =IFERROR(INDEX(Calcs!$B$2:$AB$37,MATCH($N19,Calcs!$CJ$2:$CJ$37,0),MATCH(X$1,Calcs!$B$1:$AB$1,0)),"") -> 0 | ... AQ19: =IFERROR(INDEX(Calcs!$B$2:$AB$37,MATCH($N19,Calcs!$CJ$2:$CJ$37,0),MATCH(AQ$1,Calcs!$B$1:$AB$1,0)),"") -> 0 | AS19: =INDEX(Calcs!A$2:A$37,MATCH($N19,Calcs!$CF$2:$CF$37,0)) -> Lens | AU19: =INDEX(Calcs!$BZ$2:$BZ$37,MATCH($AS19,Calcs!$A$2:$A$37,0)) -> 1 | AV19: =COUNTIF($AU$2:$AU$37,$AU19) -> 36 | AW19: =AU19&"."&AV19 -> 1.36 | AX19: 18 | AZ19: =TablaEquipos[[#This Row],[Team]] -> Lens | BF19: =IF(OR(G19="",H19=""),"Pendiente",IF(G19>H19,"Local",IF(G19<H19,"Visitante","Empate"))) -> Pendiente | BH19: DG | BI19: =SUMIF(Calcs!$A$2:$A$37,League!BI2,Calcs!$H$2:$H$37) -> 0 | BJ19: =SUMIF(Calcs!$A$2:$A$37,League!BJ2,Calcs!$H$2:$H$37) -> 0 | BK19: =SUMIF(Calcs!$A$2:$A$37,League!BK2,Calcs!$H$2:$H$37) -> 0 | BL19: =SUMIF(Calcs!$A$2:$A$37,League!BL2,Calcs!$H$2:$H$37) -> 0 | BM19: =SUMIF(Calcs!$A$2:$A$37,League!BM2,Calcs!$H$2:$H$37) -> 0 | BN19: =SUMIF(Calcs!$A$2:$A$37,League!BN2,Calcs!$H$2:$H$37) -> 0 | BO19: =SUMIF(Calcs!$A$2:$A$37,League!BO2,Calcs!$H$2:$H$37) -> 0 | BP19: =SUMIF(Calcs!$A$2:$A$37,League!BP2,Calcs!$H$2:$H$37) -> 0 | ... CR19: =SUMIF(Calcs!$A$2:$A$37,League!CR2,Calcs!$H$2:$H$37) -> 0
A20: 2 | B20: =Horarios!C20 -> 46308.781 | C20: =Horarios!C20 -> 46308.781 | D20: Lens | E20: {=badge_home} -> #VALUE! | J20: {=badge_away} -> #VALUE! | K20: Sporting Portugal | L20: ^ | N20: 19 | O20: {=badge_away} -> #VALUE! | P20: =IFERROR(INDEX(Calcs!A$2:A$37,MATCH($N20,Calcs!$CJ$2:$CJ$37,0)),"") -> Lille | Q20: =IFERROR(INDEX(Calcs!$B$2:$AB$37,MATCH($N20,Calcs!$CJ$2:$CJ$37,0),MATCH(Q$1,Calcs!$B$1:$AB$1,0)),"") -> 0 | R20: =IFERROR(INDEX(Calcs!$B$2:$AB$37,MATCH($N20,Calcs!$CJ$2:$CJ$37,0),MATCH(R$1,Calcs!$B$1:$AB$1,0)),"") -> 0 | S20: =IFERROR(INDEX(Calcs!$B$2:$AB$37,MATCH($N20,Calcs!$CJ$2:$CJ$37,0),MATCH(S$1,Calcs!$B$1:$AB$1,0)),"") -> 0 | T20: =IFERROR(INDEX(Calcs!$B$2:$AB$37,MATCH($N20,Calcs!$CJ$2:$CJ$37,0),MATCH(T$1,Calcs!$B$1:$AB$1,0)),"") -> 0 | U20: =IFERROR(INDEX(Calcs!$B$2:$AB$37,MATCH($N20,Calcs!$CJ$2:$CJ$37,0),MATCH(U$1,Calcs!$B$1:$AB$1,0)),"") -> 0 | V20: =IFERROR(INDEX(Calcs!$B$2:$AB$37,MATCH($N20,Calcs!$CJ$2:$CJ$37,0),MATCH(V$1,Calcs!$B$1:$AB$1,0)),"") -> 0 | W20: =IFERROR(INDEX(Calcs!$B$2:$AB$37,MATCH($N20,Calcs!$CJ$2:$CJ$37,0),MATCH(W$1,Calcs!$B$1:$AB$1,0)),"") -> 0 | X20: =IFERROR(INDEX(Calcs!$B$2:$AB$37,MATCH($N20,Calcs!$CJ$2:$CJ$37,0),MATCH(X$1,Calcs!$B$1:$AB$1,0)),"") -> 0 | ... AQ20: =IFERROR(INDEX(Calcs!$B$2:$AB$37,MATCH($N20,Calcs!$CJ$2:$CJ$37,0),MATCH(AQ$1,Calcs!$B$1:$AB$1,0)),"") -> 0 | AS20: =INDEX(Calcs!A$2:A$37,MATCH($N20,Calcs!$CF$2:$CF$37,0)) -> Lille | AU20: =INDEX(Calcs!$BZ$2:$BZ$37,MATCH($AS20,Calcs!$A$2:$A$37,0)) -> 1 | AV20: =COUNTIF($AU$2:$AU$37,$AU20) -> 36 | AW20: =AU20&"."&AV20 -> 1.36 | AX20: 19 | AZ20: =TablaEquipos[[#This Row],[Team]] -> Lille | BF20: =IF(OR(G20="",H20=""),"Pendiente",IF(G20>H20,"Local",IF(G20<H20,"Visitante","Empate"))) -> Pendiente | BI20: =SUMIF(Calcs!$A$2:$A$37,League!BI3,Calcs!$H$2:$H$37) -> 0 | BJ20: =SUMIF(Calcs!$A$2:$A$37,League!BJ3,Calcs!$H$2:$H$37) -> 0 | BK20: =SUMIF(Calcs!$A$2:$A$37,League!BK3,Calcs!$H$2:$H$37) -> 0 | BL20: =SUMIF(Calcs!$A$2:$A$37,League!BL3,Calcs!$H$2:$H$37) -> 0 | BM20: =SUMIF(Calcs!$A$2:$A$37,League!BM3,Calcs!$H$2:$H$37) -> 0 | BN20: =SUMIF(Calcs!$A$2:$A$37,League!BN3,Calcs!$H$2:$H$37) -> 0 | BO20: =SUMIF(Calcs!$A$2:$A$37,League!BO3,Calcs!$H$2:$H$37) -> 0 | BP20: =SUMIF(Calcs!$A$2:$A$37,League!BP3,Calcs!$H$2:$H$37) -> 0 | ... CR20: =SUMIF(Calcs!$A$2:$A$37,League!CR3,Calcs!$H$2:$H$37) -> 0
A21: 2 | B21: =Horarios!C21 -> 46308.781 | C21: =Horarios!C21 -> 46308.781 | D21: Sabah | E21: {=badge_home} -> #VALUE! | J21: {=badge_away} -> #VALUE! | K21: Slavia Praha | N21: 20 | O21: {=badge_away} -> #VALUE! | P21: =IFERROR(INDEX(Calcs!A$2:A$37,MATCH($N21,Calcs!$CJ$2:$CJ$37,0)),"") -> Liverpool | Q21: =IFERROR(INDEX(Calcs!$B$2:$AB$37,MATCH($N21,Calcs!$CJ$2:$CJ$37,0),MATCH(Q$1,Calcs!$B$1:$AB$1,0)),"") -> 0 | R21: =IFERROR(INDEX(Calcs!$B$2:$AB$37,MATCH($N21,Calcs!$CJ$2:$CJ$37,0),MATCH(R$1,Calcs!$B$1:$AB$1,0)),"") -> 0 | S21: =IFERROR(INDEX(Calcs!$B$2:$AB$37,MATCH($N21,Calcs!$CJ$2:$CJ$37,0),MATCH(S$1,Calcs!$B$1:$AB$1,0)),"") -> 0 | T21: =IFERROR(INDEX(Calcs!$B$2:$AB$37,MATCH($N21,Calcs!$CJ$2:$CJ$37,0),MATCH(T$1,Calcs!$B$1:$AB$1,0)),"") -> 0 | U21: =IFERROR(INDEX(Calcs!$B$2:$AB$37,MATCH($N21,Calcs!$CJ$2:$CJ$37,0),MATCH(U$1,Calcs!$B$1:$AB$1,0)),"") -> 0 | V21: =IFERROR(INDEX(Calcs!$B$2:$AB$37,MATCH($N21,Calcs!$CJ$2:$CJ$37,0),MATCH(V$1,Calcs!$B$1:$AB$1,0)),"") -> 0 | W21: =IFERROR(INDEX(Calcs!$B$2:$AB$37,MATCH($N21,Calcs!$CJ$2:$CJ$37,0),MATCH(W$1,Calcs!$B$1:$AB$1,0)),"") -> 0 | X21: =IFERROR(INDEX(Calcs!$B$2:$AB$37,MATCH($N21,Calcs!$CJ$2:$CJ$37,0),MATCH(X$1,Calcs!$B$1:$AB$1,0)),"") -> 0 | ... AQ21: =IFERROR(INDEX(Calcs!$B$2:$AB$37,MATCH($N21,Calcs!$CJ$2:$CJ$37,0),MATCH(AQ$1,Calcs!$B$1:$AB$1,0)),"") -> 0 | AS21: =INDEX(Calcs!A$2:A$37,MATCH($N21,Calcs!$CF$2:$CF$37,0)) -> Liverpool | AU21: =INDEX(Calcs!$BZ$2:$BZ$37,MATCH($AS21,Calcs!$A$2:$A$37,0)) -> 1 | AV21: =COUNTIF($AU$2:$AU$37,$AU21) -> 36 | AW21: =AU21&"."&AV21 -> 1.36 | AX21: 20 | AZ21: =TablaEquipos[[#This Row],[Team]] -> Liverpool | BF21: =IF(OR(G21="",H21=""),"Pendiente",IF(G21>H21,"Local",IF(G21<H21,"Visitante","Empate"))) -> Pendiente | BI21: =SUMIF(Calcs!$A$2:$A$37,League!BI4,Calcs!$H$2:$H$37) -> 0 | BJ21: =SUMIF(Calcs!$A$2:$A$37,League!BJ4,Calcs!$H$2:$H$37) -> 0 | BK21: =SUMIF(Calcs!$A$2:$A$37,League!BK4,Calcs!$H$2:$H$37) -> 0 | BL21: =SUMIF(Calcs!$A$2:$A$37,League!BL4,Calcs!$H$2:$H$37) -> 0 | BM21: =SUMIF(Calcs!$A$2:$A$37,League!BM4,Calcs!$H$2:$H$37) -> 0 | BN21: =SUMIF(Calcs!$A$2:$A$37,League!BN4,Calcs!$H$2:$H$37) -> 0 | BO21: =SUMIF(Calcs!$A$2:$A$37,League!BO4,Calcs!$H$2:$H$37) -> 0 | BP21: =SUMIF(Calcs!$A$2:$A$37,League!BP4,Calcs!$H$2:$H$37) -> 0 | ... CR21: =SUMIF(Calcs!$A$2:$A$37,League!CR4,Calcs!$H$2:$H$37) -> 0
A22: 2 | B22: =Horarios!C22 -> 46308.875 | C22: =Horarios!C22 -> 46308.875 | D22: Arsenal | E22: {=badge_home} -> #VALUE! | J22: {=badge_away} -> #VALUE! | K22: Lille | N22: 21 | O22: {=badge_away} -> #VALUE! | P22: =IFERROR(INDEX(Calcs!A$2:A$37,MATCH($N22,Calcs!$CJ$2:$CJ$37,0)),"") -> Manchester City | Q22: =IFERROR(INDEX(Calcs!$B$2:$AB$37,MATCH($N22,Calcs!$CJ$2:$CJ$37,0),MATCH(Q$1,Calcs!$B$1:$AB$1,0)),"") -> 0 | R22: =IFERROR(INDEX(Calcs!$B$2:$AB$37,MATCH($N22,Calcs!$CJ$2:$CJ$37,0),MATCH(R$1,Calcs!$B$1:$AB$1,0)),"") -> 0 | S22: =IFERROR(INDEX(Calcs!$B$2:$AB$37,MATCH($N22,Calcs!$CJ$2:$CJ$37,0),MATCH(S$1,Calcs!$B$1:$AB$1,0)),"") -> 0 | T22: =IFERROR(INDEX(Calcs!$B$2:$AB$37,MATCH($N22,Calcs!$CJ$2:$CJ$37,0),MATCH(T$1,Calcs!$B$1:$AB$1,0)),"") -> 0 | U22: =IFERROR(INDEX(Calcs!$B$2:$AB$37,MATCH($N22,Calcs!$CJ$2:$CJ$37,0),MATCH(U$1,Calcs!$B$1:$AB$1,0)),"") -> 0 | V22: =IFERROR(INDEX(Calcs!$B$2:$AB$37,MATCH($N22,Calcs!$CJ$2:$CJ$37,0),MATCH(V$1,Calcs!$B$1:$AB$1,0)),"") -> 0 | W22: =IFERROR(INDEX(Calcs!$B$2:$AB$37,MATCH($N22,Calcs!$CJ$2:$CJ$37,0),MATCH(W$1,Calcs!$B$1:$AB$1,0)),"") -> 0 | X22: =IFERROR(INDEX(Calcs!$B$2:$AB$37,MATCH($N22,Calcs!$CJ$2:$CJ$37,0),MATCH(X$1,Calcs!$B$1:$AB$1,0)),"") -> 0 | ... AQ22: =IFERROR(INDEX(Calcs!$B$2:$AB$37,MATCH($N22,Calcs!$CJ$2:$CJ$37,0),MATCH(AQ$1,Calcs!$B$1:$AB$1,0)),"") -> 0 | AS22: =INDEX(Calcs!A$2:A$37,MATCH($N22,Calcs!$CF$2:$CF$37,0)) -> Manchester City | AU22: =INDEX(Calcs!$BZ$2:$BZ$37,MATCH($AS22,Calcs!$A$2:$A$37,0)) -> 1 | AV22: =COUNTIF($AU$2:$AU$37,$AU22) -> 36 | AW22: =AU22&"."&AV22 -> 1.36 | AX22: 21 | AZ22: =TablaEquipos[[#This Row],[Team]] -> Manchester City | BF22: =IF(OR(G22="",H22=""),"Pendiente",IF(G22>H22,"Local",IF(G22<H22,"Visitante","Empate"))) -> Pendiente | BI22: =SUMIF(Calcs!$A$2:$A$37,League!BI5,Calcs!$H$2:$H$37) -> 0 | BJ22: =SUMIF(Calcs!$A$2:$A$37,League!BJ5,Calcs!$H$2:$H$37) -> 0 | BK22: =SUMIF(Calcs!$A$2:$A$37,League!BK5,Calcs!$H$2:$H$37) -> 0 | BL22: =SUMIF(Calcs!$A$2:$A$37,League!BL5,Calcs!$H$2:$H$37) -> 0 | BM22: =SUMIF(Calcs!$A$2:$A$37,League!BM5,Calcs!$H$2:$H$37) -> 0 | BN22: =SUMIF(Calcs!$A$2:$A$37,League!BN5,Calcs!$H$2:$H$37) -> 0 | BO22: =SUMIF(Calcs!$A$2:$A$37,League!BO5,Calcs!$H$2:$H$37) -> 0 | BP22: =SUMIF(Calcs!$A$2:$A$37,League!BP5,Calcs!$H$2:$H$37) -> 0 | ... CR22: =SUMIF(Calcs!$A$2:$A$37,League!CR5,Calcs!$H$2:$H$37) -> 0
A23: 2 | B23: =Horarios!C23 -> 46308.875 | C23: =Horarios!C23 -> 46308.875 | D23: Atlético Madrid | E23: {=badge_home} -> #VALUE! | J23: {=badge_away} -> #VALUE! | K23: Manchester United | N23: 22 | O23: {=badge_away} -> #VALUE! | P23: =IFERROR(INDEX(Calcs!A$2:A$37,MATCH($N23,Calcs!$CJ$2:$CJ$37,0)),"") -> Manchester United | Q23: =IFERROR(INDEX(Calcs!$B$2:$AB$37,MATCH($N23,Calcs!$CJ$2:$CJ$37,0),MATCH(Q$1,Calcs!$B$1:$AB$1,0)),"") -> 0 | R23: =IFERROR(INDEX(Calcs!$B$2:$AB$37,MATCH($N23,Calcs!$CJ$2:$CJ$37,0),MATCH(R$1,Calcs!$B$1:$AB$1,0)),"") -> 0 | S23: =IFERROR(INDEX(Calcs!$B$2:$AB$37,MATCH($N23,Calcs!$CJ$2:$CJ$37,0),MATCH(S$1,Calcs!$B$1:$AB$1,0)),"") -> 0 | T23: =IFERROR(INDEX(Calcs!$B$2:$AB$37,MATCH($N23,Calcs!$CJ$2:$CJ$37,0),MATCH(T$1,Calcs!$B$1:$AB$1,0)),"") -> 0 | U23: =IFERROR(INDEX(Calcs!$B$2:$AB$37,MATCH($N23,Calcs!$CJ$2:$CJ$37,0),MATCH(U$1,Calcs!$B$1:$AB$1,0)),"") -> 0 | V23: =IFERROR(INDEX(Calcs!$B$2:$AB$37,MATCH($N23,Calcs!$CJ$2:$CJ$37,0),MATCH(V$1,Calcs!$B$1:$AB$1,0)),"") -> 0 | W23: =IFERROR(INDEX(Calcs!$B$2:$AB$37,MATCH($N23,Calcs!$CJ$2:$CJ$37,0),MATCH(W$1,Calcs!$B$1:$AB$1,0)),"") -> 0 | X23: =IFERROR(INDEX(Calcs!$B$2:$AB$37,MATCH($N23,Calcs!$CJ$2:$CJ$37,0),MATCH(X$1,Calcs!$B$1:$AB$1,0)),"") -> 0 | ... AQ23: =IFERROR(INDEX(Calcs!$B$2:$AB$37,MATCH($N23,Calcs!$CJ$2:$CJ$37,0),MATCH(AQ$1,Calcs!$B$1:$AB$1,0)),"") -> 0 | AS23: =INDEX(Calcs!A$2:A$37,MATCH($N23,Calcs!$CF$2:$CF$37,0)) -> Manchester United | AU23: =INDEX(Calcs!$BZ$2:$BZ$37,MATCH($AS23,Calcs!$A$2:$A$37,0)) -> 1 | AV23: =COUNTIF($AU$2:$AU$37,$AU23) -> 36 | AW23: =AU23&"."&AV23 -> 1.36 | AX23: 22 | AZ23: =TablaEquipos[[#This Row],[Team]] -> Manchester United | BF23: =IF(OR(G23="",H23=""),"Pendiente",IF(G23>H23,"Local",IF(G23<H23,"Visitante","Empate"))) -> Pendiente | BI23: =SUMIF(Calcs!$A$2:$A$37,League!BI6,Calcs!$H$2:$H$37) -> 0 | BJ23: =SUMIF(Calcs!$A$2:$A$37,League!BJ6,Calcs!$H$2:$H$37) -> 0 | BK23: =SUMIF(Calcs!$A$2:$A$37,League!BK6,Calcs!$H$2:$H$37) -> 0 | BL23: =SUMIF(Calcs!$A$2:$A$37,League!BL6,Calcs!$H$2:$H$37) -> 0 | BM23: =SUMIF(Calcs!$A$2:$A$37,League!BM6,Calcs!$H$2:$H$37) -> 0 | BN23: =SUMIF(Calcs!$A$2:$A$37,League!BN6,Calcs!$H$2:$H$37) -> 0 | BO23: =SUMIF(Calcs!$A$2:$A$37,League!BO6,Calcs!$H$2:$H$37) -> 0 | BP23: =SUMIF(Calcs!$A$2:$A$37,League!BP6,Calcs!$H$2:$H$37) -> 0 | ... CR23: =SUMIF(Calcs!$A$2:$A$37,League!CR6,Calcs!$H$2:$H$37) -> 0
A24: 2 | B24: =Horarios!C24 -> 46308.875 | C24: =Horarios!C24 -> 46308.875 | D24: Inter Milan | E24: {=badge_home} -> #VALUE! | J24: {=badge_away} -> #VALUE! | K24: Brugge | N24: 23 | O24: {=badge_away} -> #VALUE! | P24: =IFERROR(INDEX(Calcs!A$2:A$37,MATCH($N24,Calcs!$CJ$2:$CJ$37,0)),"") -> Napoli | Q24: =IFERROR(INDEX(Calcs!$B$2:$AB$37,MATCH($N24,Calcs!$CJ$2:$CJ$37,0),MATCH(Q$1,Calcs!$B$1:$AB$1,0)),"") -> 0 | R24: =IFERROR(INDEX(Calcs!$B$2:$AB$37,MATCH($N24,Calcs!$CJ$2:$CJ$37,0),MATCH(R$1,Calcs!$B$1:$AB$1,0)),"") -> 0 | S24: =IFERROR(INDEX(Calcs!$B$2:$AB$37,MATCH($N24,Calcs!$CJ$2:$CJ$37,0),MATCH(S$1,Calcs!$B$1:$AB$1,0)),"") -> 0 | T24: =IFERROR(INDEX(Calcs!$B$2:$AB$37,MATCH($N24,Calcs!$CJ$2:$CJ$37,0),MATCH(T$1,Calcs!$B$1:$AB$1,0)),"") -> 0 | U24: =IFERROR(INDEX(Calcs!$B$2:$AB$37,MATCH($N24,Calcs!$CJ$2:$CJ$37,0),MATCH(U$1,Calcs!$B$1:$AB$1,0)),"") -> 0 | V24: =IFERROR(INDEX(Calcs!$B$2:$AB$37,MATCH($N24,Calcs!$CJ$2:$CJ$37,0),MATCH(V$1,Calcs!$B$1:$AB$1,0)),"") -> 0 | W24: =IFERROR(INDEX(Calcs!$B$2:$AB$37,MATCH($N24,Calcs!$CJ$2:$CJ$37,0),MATCH(W$1,Calcs!$B$1:$AB$1,0)),"") -> 0 | X24: =IFERROR(INDEX(Calcs!$B$2:$AB$37,MATCH($N24,Calcs!$CJ$2:$CJ$37,0),MATCH(X$1,Calcs!$B$1:$AB$1,0)),"") -> 0 | ... AQ24: =IFERROR(INDEX(Calcs!$B$2:$AB$37,MATCH($N24,Calcs!$CJ$2:$CJ$37,0),MATCH(AQ$1,Calcs!$B$1:$AB$1,0)),"") -> 0 | AS24: =INDEX(Calcs!A$2:A$37,MATCH($N24,Calcs!$CF$2:$CF$37,0)) -> Napoli | AU24: =INDEX(Calcs!$BZ$2:$BZ$37,MATCH($AS24,Calcs!$A$2:$A$37,0)) -> 1 | AV24: =COUNTIF($AU$2:$AU$37,$AU24) -> 36 | AW24: =AU24&"."&AV24 -> 1.36 | AX24: 23 | AZ24: =TablaEquipos[[#This Row],[Team]] -> Napoli | BF24: =IF(OR(G24="",H24=""),"Pendiente",IF(G24>H24,"Local",IF(G24<H24,"Visitante","Empate"))) -> Pendiente | BI24: =SUMIF(Calcs!$A$2:$A$37,League!BI7,Calcs!$H$2:$H$37) -> 0 | BJ24: =SUMIF(Calcs!$A$2:$A$37,League!BJ7,Calcs!$H$2:$H$37) -> 0 | BK24: =SUMIF(Calcs!$A$2:$A$37,League!BK7,Calcs!$H$2:$H$37) -> 0 | BL24: =SUMIF(Calcs!$A$2:$A$37,League!BL7,Calcs!$H$2:$H$37) -> 0 | BM24: =SUMIF(Calcs!$A$2:$A$37,League!BM7,Calcs!$H$2:$H$37) -> 0 | BN24: =SUMIF(Calcs!$A$2:$A$37,League!BN7,Calcs!$H$2:$H$37) -> 0 | BO24: =SUMIF(Calcs!$A$2:$A$37,League!BO7,Calcs!$H$2:$H$37) -> 0 | BP24: =SUMIF(Calcs!$A$2:$A$37,League!BP7,Calcs!$H$2:$H$37) -> 0 | ... CR24: =SUMIF(Calcs!$A$2:$A$37,League!CR7,Calcs!$H$2:$H$37) -> 0
A25: 2 | B25: =Horarios!C25 -> 46308.875 | C25: =Horarios!C25 -> 46308.875 | D25: Galatasaray | E25: {=badge_home} -> #VALUE! | J25: {=badge_away} -> #VALUE! | K25: Barcelona | N25: 24 | O25: {=badge_away} -> #VALUE! | P25: =IFERROR(INDEX(Calcs!A$2:A$37,MATCH($N25,Calcs!$CJ$2:$CJ$37,0)),"") -> Porto | Q25: =IFERROR(INDEX(Calcs!$B$2:$AB$37,MATCH($N25,Calcs!$CJ$2:$CJ$37,0),MATCH(Q$1,Calcs!$B$1:$AB$1,0)),"") -> 0 | R25: =IFERROR(INDEX(Calcs!$B$2:$AB$37,MATCH($N25,Calcs!$CJ$2:$CJ$37,0),MATCH(R$1,Calcs!$B$1:$AB$1,0)),"") -> 0 | S25: =IFERROR(INDEX(Calcs!$B$2:$AB$37,MATCH($N25,Calcs!$CJ$2:$CJ$37,0),MATCH(S$1,Calcs!$B$1:$AB$1,0)),"") -> 0 | T25: =IFERROR(INDEX(Calcs!$B$2:$AB$37,MATCH($N25,Calcs!$CJ$2:$CJ$37,0),MATCH(T$1,Calcs!$B$1:$AB$1,0)),"") -> 0 | U25: =IFERROR(INDEX(Calcs!$B$2:$AB$37,MATCH($N25,Calcs!$CJ$2:$CJ$37,0),MATCH(U$1,Calcs!$B$1:$AB$1,0)),"") -> 0 | V25: =IFERROR(INDEX(Calcs!$B$2:$AB$37,MATCH($N25,Calcs!$CJ$2:$CJ$37,0),MATCH(V$1,Calcs!$B$1:$AB$1,0)),"") -> 0 | W25: =IFERROR(INDEX(Calcs!$B$2:$AB$37,MATCH($N25,Calcs!$CJ$2:$CJ$37,0),MATCH(W$1,Calcs!$B$1:$AB$1,0)),"") -> 0 | X25: =IFERROR(INDEX(Calcs!$B$2:$AB$37,MATCH($N25,Calcs!$CJ$2:$CJ$37,0),MATCH(X$1,Calcs!$B$1:$AB$1,0)),"") -> 0 | ... AQ25: =IFERROR(INDEX(Calcs!$B$2:$AB$37,MATCH($N25,Calcs!$CJ$2:$CJ$37,0),MATCH(AQ$1,Calcs!$B$1:$AB$1,0)),"") -> 0 | AS25: =INDEX(Calcs!A$2:A$37,MATCH($N25,Calcs!$CF$2:$CF$37,0)) -> Porto | AU25: =INDEX(Calcs!$BZ$2:$BZ$37,MATCH($AS25,Calcs!$A$2:$A$37,0)) -> 1 | AV25: =COUNTIF($AU$2:$AU$37,$AU25) -> 36 | AW25: =AU25&"."&AV25 -> 1.36 | AX25: 24 | AZ25: =TablaEquipos[[#This Row],[Team]] -> Porto | BF25: =IF(OR(G25="",H25=""),"Pendiente",IF(G25>H25,"Local",IF(G25<H25,"Visitante","Empate"))) -> Pendiente | BI25: =SUMIF(Calcs!$A$2:$A$37,League!BI8,Calcs!$H$2:$H$37) -> 0 | BJ25: =SUMIF(Calcs!$A$2:$A$37,League!BJ8,Calcs!$H$2:$H$37) -> 0 | BK25: =SUMIF(Calcs!$A$2:$A$37,League!BK8,Calcs!$H$2:$H$37) -> 0 | BL25: =SUMIF(Calcs!$A$2:$A$37,League!BL8,Calcs!$H$2:$H$37) -> 0 | BM25: =SUMIF(Calcs!$A$2:$A$37,League!BM8,Calcs!$H$2:$H$37) -> 0 | BN25: =SUMIF(Calcs!$A$2:$A$37,League!BN8,Calcs!$H$2:$H$37) -> 0 | BO25: =SUMIF(Calcs!$A$2:$A$37,League!BO8,Calcs!$H$2:$H$37) -> 0 | BP25: =SUMIF(Calcs!$A$2:$A$37,League!BP8,Calcs!$H$2:$H$37) -> 0 | ... CR25: =SUMIF(Calcs!$A$2:$A$37,League!CR8,Calcs!$H$2:$H$37) -> 0
A26: 2 | B26: =Horarios!C26 -> 46308.875 | C26: =Horarios!C26 -> 46308.875 | D26: Leipzig | E26: {=badge_home} -> #VALUE! | J26: {=badge_away} -> #VALUE! | K26: PSV Eindhoven | N26: 25 | O26: {=badge_away} -> #VALUE! | P26: =IFERROR(INDEX(Calcs!A$2:A$37,MATCH($N26,Calcs!$CJ$2:$CJ$37,0)),"") -> PSG | Q26: =IFERROR(INDEX(Calcs!$B$2:$AB$37,MATCH($N26,Calcs!$CJ$2:$CJ$37,0),MATCH(Q$1,Calcs!$B$1:$AB$1,0)),"") -> 0 | R26: =IFERROR(INDEX(Calcs!$B$2:$AB$37,MATCH($N26,Calcs!$CJ$2:$CJ$37,0),MATCH(R$1,Calcs!$B$1:$AB$1,0)),"") -> 0 | S26: =IFERROR(INDEX(Calcs!$B$2:$AB$37,MATCH($N26,Calcs!$CJ$2:$CJ$37,0),MATCH(S$1,Calcs!$B$1:$AB$1,0)),"") -> 0 | T26: =IFERROR(INDEX(Calcs!$B$2:$AB$37,MATCH($N26,Calcs!$CJ$2:$CJ$37,0),MATCH(T$1,Calcs!$B$1:$AB$1,0)),"") -> 0 | U26: =IFERROR(INDEX(Calcs!$B$2:$AB$37,MATCH($N26,Calcs!$CJ$2:$CJ$37,0),MATCH(U$1,Calcs!$B$1:$AB$1,0)),"") -> 0 | V26: =IFERROR(INDEX(Calcs!$B$2:$AB$37,MATCH($N26,Calcs!$CJ$2:$CJ$37,0),MATCH(V$1,Calcs!$B$1:$AB$1,0)),"") -> 0 | W26: =IFERROR(INDEX(Calcs!$B$2:$AB$37,MATCH($N26,Calcs!$CJ$2:$CJ$37,0),MATCH(W$1,Calcs!$B$1:$AB$1,0)),"") -> 0 | X26: =IFERROR(INDEX(Calcs!$B$2:$AB$37,MATCH($N26,Calcs!$CJ$2:$CJ$37,0),MATCH(X$1,Calcs!$B$1:$AB$1,0)),"") -> 0 | ... AQ26: =IFERROR(INDEX(Calcs!$B$2:$AB$37,MATCH($N26,Calcs!$CJ$2:$CJ$37,0),MATCH(AQ$1,Calcs!$B$1:$AB$1,0)),"") -> 0 | AS26: =INDEX(Calcs!A$2:A$37,MATCH($N26,Calcs!$CF$2:$CF$37,0)) -> PSG | AU26: =INDEX(Calcs!$BZ$2:$BZ$37,MATCH($AS26,Calcs!$A$2:$A$37,0)) -> 1 | AV26: =COUNTIF($AU$2:$AU$37,$AU26) -> 36 | AW26: =AU26&"."&AV26 -> 1.36 | AX26: 25 | AZ26: =TablaEquipos[[#This Row],[Team]] -> PSG | BF26: =IF(OR(G26="",H26=""),"Pendiente",IF(G26>H26,"Local",IF(G26<H26,"Visitante","Empate"))) -> Pendiente | BI26: =SUMIF(Calcs!$A$2:$A$37,League!BI9,Calcs!$H$2:$H$37) -> 0 | BJ26: =SUMIF(Calcs!$A$2:$A$37,League!BJ9,Calcs!$H$2:$H$37) -> 0 | BK26: =SUMIF(Calcs!$A$2:$A$37,League!BK9,Calcs!$H$2:$H$37) -> 0 | BL26: =SUMIF(Calcs!$A$2:$A$37,League!BL9,Calcs!$H$2:$H$37) -> 0 | BM26: =SUMIF(Calcs!$A$2:$A$37,League!BM9,Calcs!$H$2:$H$37) -> 0 | BN26: =SUMIF(Calcs!$A$2:$A$37,League!BN9,Calcs!$H$2:$H$37) -> 0 | BO26: =SUMIF(Calcs!$A$2:$A$37,League!BO9,Calcs!$H$2:$H$37) -> 0 | BP26: =SUMIF(Calcs!$A$2:$A$37,League!BP9,Calcs!$H$2:$H$37) -> 0 | ... CR26: =SUMIF(Calcs!$A$2:$A$37,League!CR9,Calcs!$H$2:$H$37) -> 0
A27: 2 | B27: =Horarios!C27 -> 46308.875 | C27: =Horarios!C27 -> 46308.875 | D27: Viking | E27: {=badge_home} -> #VALUE! | J27: {=badge_away} -> #VALUE! | K27: Bayern München | N27: 26 | O27: {=badge_away} -> #VALUE! | P27: =IFERROR(INDEX(Calcs!A$2:A$37,MATCH($N27,Calcs!$CJ$2:$CJ$37,0)),"") -> PSV Eindhoven | Q27: =IFERROR(INDEX(Calcs!$B$2:$AB$37,MATCH($N27,Calcs!$CJ$2:$CJ$37,0),MATCH(Q$1,Calcs!$B$1:$AB$1,0)),"") -> 0 | R27: =IFERROR(INDEX(Calcs!$B$2:$AB$37,MATCH($N27,Calcs!$CJ$2:$CJ$37,0),MATCH(R$1,Calcs!$B$1:$AB$1,0)),"") -> 0 | S27: =IFERROR(INDEX(Calcs!$B$2:$AB$37,MATCH($N27,Calcs!$CJ$2:$CJ$37,0),MATCH(S$1,Calcs!$B$1:$AB$1,0)),"") -> 0 | T27: =IFERROR(INDEX(Calcs!$B$2:$AB$37,MATCH($N27,Calcs!$CJ$2:$CJ$37,0),MATCH(T$1,Calcs!$B$1:$AB$1,0)),"") -> 0 | U27: =IFERROR(INDEX(Calcs!$B$2:$AB$37,MATCH($N27,Calcs!$CJ$2:$CJ$37,0),MATCH(U$1,Calcs!$B$1:$AB$1,0)),"") -> 0 | V27: =IFERROR(INDEX(Calcs!$B$2:$AB$37,MATCH($N27,Calcs!$CJ$2:$CJ$37,0),MATCH(V$1,Calcs!$B$1:$AB$1,0)),"") -> 0 | W27: =IFERROR(INDEX(Calcs!$B$2:$AB$37,MATCH($N27,Calcs!$CJ$2:$CJ$37,0),MATCH(W$1,Calcs!$B$1:$AB$1,0)),"") -> 0 | X27: =IFERROR(INDEX(Calcs!$B$2:$AB$37,MATCH($N27,Calcs!$CJ$2:$CJ$37,0),MATCH(X$1,Calcs!$B$1:$AB$1,0)),"") -> 0 | ... AQ27: =IFERROR(INDEX(Calcs!$B$2:$AB$37,MATCH($N27,Calcs!$CJ$2:$CJ$37,0),MATCH(AQ$1,Calcs!$B$1:$AB$1,0)),"") -> 0 | AS27: =INDEX(Calcs!A$2:A$37,MATCH($N27,Calcs!$CF$2:$CF$37,0)) -> PSV Eindhoven | AU27: =INDEX(Calcs!$BZ$2:$BZ$37,MATCH($AS27,Calcs!$A$2:$A$37,0)) -> 1 | AV27: =COUNTIF($AU$2:$AU$37,$AU27) -> 36 | AW27: =AU27&"."&AV27 -> 1.36 | AX27: 26 | AZ27: =TablaEquipos[[#This Row],[Team]] -> PSV Eindhoven | BF27: =IF(OR(G27="",H27=""),"Pendiente",IF(G27>H27,"Local",IF(G27<H27,"Visitante","Empate"))) -> Pendiente | BH27: DG Oponentes | BI27: =SUM(BI19:BI26) -> 0 | BJ27: =SUM(BJ19:BJ26) -> 0 | BK27: =SUM(BK19:BK26) -> 0 | BL27: =SUM(BL19:BL26) -> 0 | BM27: =SUM(BM19:BM26) -> 0 | BN27: =SUM(BN19:BN26) -> 0 | BO27: =SUM(BO19:BO26) -> 0 | BP27: =SUM(BP19:BP26) -> 0 | ... CR27: =SUM(CR19:CR26) -> 0
A28: 2 | B28: =Horarios!C28 -> 46308.875 | C28: =Horarios!C28 -> 46308.875 | D28: Villarreal | E28: {=badge_home} -> #VALUE! | J28: {=badge_away} -> #VALUE! | K28: Napoli | N28: 27 | O28: {=badge_away} -> #VALUE! | P28: =IFERROR(INDEX(Calcs!A$2:A$37,MATCH($N28,Calcs!$CJ$2:$CJ$37,0)),"") -> Real Madrid | Q28: =IFERROR(INDEX(Calcs!$B$2:$AB$37,MATCH($N28,Calcs!$CJ$2:$CJ$37,0),MATCH(Q$1,Calcs!$B$1:$AB$1,0)),"") -> 0 | R28: =IFERROR(INDEX(Calcs!$B$2:$AB$37,MATCH($N28,Calcs!$CJ$2:$CJ$37,0),MATCH(R$1,Calcs!$B$1:$AB$1,0)),"") -> 0 | S28: =IFERROR(INDEX(Calcs!$B$2:$AB$37,MATCH($N28,Calcs!$CJ$2:$CJ$37,0),MATCH(S$1,Calcs!$B$1:$AB$1,0)),"") -> 0 | T28: =IFERROR(INDEX(Calcs!$B$2:$AB$37,MATCH($N28,Calcs!$CJ$2:$CJ$37,0),MATCH(T$1,Calcs!$B$1:$AB$1,0)),"") -> 0 | U28: =IFERROR(INDEX(Calcs!$B$2:$AB$37,MATCH($N28,Calcs!$CJ$2:$CJ$37,0),MATCH(U$1,Calcs!$B$1:$AB$1,0)),"") -> 0 | V28: =IFERROR(INDEX(Calcs!$B$2:$AB$37,MATCH($N28,Calcs!$CJ$2:$CJ$37,0),MATCH(V$1,Calcs!$B$1:$AB$1,0)),"") -> 0 | W28: =IFERROR(INDEX(Calcs!$B$2:$AB$37,MATCH($N28,Calcs!$CJ$2:$CJ$37,0),MATCH(W$1,Calcs!$B$1:$AB$1,0)),"") -> 0 | X28: =IFERROR(INDEX(Calcs!$B$2:$AB$37,MATCH($N28,Calcs!$CJ$2:$CJ$37,0),MATCH(X$1,Calcs!$B$1:$AB$1,0)),"") -> 0 | ... AQ28: =IFERROR(INDEX(Calcs!$B$2:$AB$37,MATCH($N28,Calcs!$CJ$2:$CJ$37,0),MATCH(AQ$1,Calcs!$B$1:$AB$1,0)),"") -> 0 | AS28: =INDEX(Calcs!A$2:A$37,MATCH($N28,Calcs!$CF$2:$CF$37,0)) -> Real Madrid | AU28: =INDEX(Calcs!$BZ$2:$BZ$37,MATCH($AS28,Calcs!$A$2:$A$37,0)) -> 1 | AV28: =COUNTIF($AU$2:$AU$37,$AU28) -> 36 | AW28: =AU28&"."&AV28 -> 1.36 | AX28: 27 | AZ28: =TablaEquipos[[#This Row],[Team]] -> Real Madrid | BF28: =IF(OR(G28="",H28=""),"Pendiente",IF(G28>H28,"Local",IF(G28<H28,"Visitante","Empate"))) -> Pendiente | BH28: GF | BI28: =SUMIF(Calcs!$A$2:$A$37,League!BI2,Calcs!$F$2:$F$37) -> 0 | BJ28: =SUMIF(Calcs!$A$2:$A$37,League!BJ2,Calcs!$F$2:$F$37) -> 0 | BK28: =SUMIF(Calcs!$A$2:$A$37,League!BK2,Calcs!$F$2:$F$37) -> 0 | BL28: =SUMIF(Calcs!$A$2:$A$37,League!BL2,Calcs!$F$2:$F$37) -> 0 | BM28: =SUMIF(Calcs!$A$2:$A$37,League!BM2,Calcs!$F$2:$F$37) -> 0 | BN28: =SUMIF(Calcs!$A$2:$A$37,League!BN2,Calcs!$F$2:$F$37) -> 0 | BO28: =SUMIF(Calcs!$A$2:$A$37,League!BO2,Calcs!$F$2:$F$37) -> 0 | BP28: =SUMIF(Calcs!$A$2:$A$37,League!BP2,Calcs!$F$2:$F$37) -> 0 | ... CR28: =SUMIF(Calcs!$A$2:$A$37,League!CR2,Calcs!$F$2:$F$37) -> 0
A29: 2 | B29: =Horarios!C29 -> 46309.781 | C29: =Horarios!C29 -> 46309.781 | D29: Feyenoord | E29: {=badge_home} -> #VALUE! | J29: {=badge_away} -> #VALUE! | K29: Como | N29: 28 | O29: {=badge_away} -> #VALUE! | P29: =IFERROR(INDEX(Calcs!A$2:A$37,MATCH($N29,Calcs!$CJ$2:$CJ$37,0)),"") -> Roma | Q29: =IFERROR(INDEX(Calcs!$B$2:$AB$37,MATCH($N29,Calcs!$CJ$2:$CJ$37,0),MATCH(Q$1,Calcs!$B$1:$AB$1,0)),"") -> 0 | R29: =IFERROR(INDEX(Calcs!$B$2:$AB$37,MATCH($N29,Calcs!$CJ$2:$CJ$37,0),MATCH(R$1,Calcs!$B$1:$AB$1,0)),"") -> 0 | S29: =IFERROR(INDEX(Calcs!$B$2:$AB$37,MATCH($N29,Calcs!$CJ$2:$CJ$37,0),MATCH(S$1,Calcs!$B$1:$AB$1,0)),"") -> 0 | T29: =IFERROR(INDEX(Calcs!$B$2:$AB$37,MATCH($N29,Calcs!$CJ$2:$CJ$37,0),MATCH(T$1,Calcs!$B$1:$AB$1,0)),"") -> 0 | U29: =IFERROR(INDEX(Calcs!$B$2:$AB$37,MATCH($N29,Calcs!$CJ$2:$CJ$37,0),MATCH(U$1,Calcs!$B$1:$AB$1,0)),"") -> 0 | V29: =IFERROR(INDEX(Calcs!$B$2:$AB$37,MATCH($N29,Calcs!$CJ$2:$CJ$37,0),MATCH(V$1,Calcs!$B$1:$AB$1,0)),"") -> 0 | W29: =IFERROR(INDEX(Calcs!$B$2:$AB$37,MATCH($N29,Calcs!$CJ$2:$CJ$37,0),MATCH(W$1,Calcs!$B$1:$AB$1,0)),"") -> 0 | X29: =IFERROR(INDEX(Calcs!$B$2:$AB$37,MATCH($N29,Calcs!$CJ$2:$CJ$37,0),MATCH(X$1,Calcs!$B$1:$AB$1,0)),"") -> 0 | ... AQ29: =IFERROR(INDEX(Calcs!$B$2:$AB$37,MATCH($N29,Calcs!$CJ$2:$CJ$37,0),MATCH(AQ$1,Calcs!$B$1:$AB$1,0)),"") -> 0 | AS29: =INDEX(Calcs!A$2:A$37,MATCH($N29,Calcs!$CF$2:$CF$37,0)) -> Roma | AU29: =INDEX(Calcs!$BZ$2:$BZ$37,MATCH($AS29,Calcs!$A$2:$A$37,0)) -> 1 | AV29: =COUNTIF($AU$2:$AU$37,$AU29) -> 36 | AW29: =AU29&"."&AV29 -> 1.36 | AX29: 28 | AZ29: =TablaEquipos[[#This Row],[Team]] -> Roma | BF29: =IF(OR(G29="",H29=""),"Pendiente",IF(G29>H29,"Local",IF(G29<H29,"Visitante","Empate"))) -> Pendiente | BI29: =SUMIF(Calcs!$A$2:$A$37,League!BI3,Calcs!$F$2:$F$37) -> 0 | BJ29: =SUMIF(Calcs!$A$2:$A$37,League!BJ3,Calcs!$F$2:$F$37) -> 0 | BK29: =SUMIF(Calcs!$A$2:$A$37,League!BK3,Calcs!$F$2:$F$37) -> 0 | BL29: =SUMIF(Calcs!$A$2:$A$37,League!BL3,Calcs!$F$2:$F$37) -> 0 | BM29: =SUMIF(Calcs!$A$2:$A$37,League!BM3,Calcs!$F$2:$F$37) -> 0 | BN29: =SUMIF(Calcs!$A$2:$A$37,League!BN3,Calcs!$F$2:$F$37) -> 0 | BO29: =SUMIF(Calcs!$A$2:$A$37,League!BO3,Calcs!$F$2:$F$37) -> 0 | BP29: =SUMIF(Calcs!$A$2:$A$37,League!BP3,Calcs!$F$2:$F$37) -> 0 | ... CR29: =SUMIF(Calcs!$A$2:$A$37,League!CR3,Calcs!$F$2:$F$37) -> 0
A30: 2 | B30: =Horarios!C30 -> 46309.781 | C30: =Horarios!C30 -> 46309.781 | D30: LASK | E30: {=badge_home} -> #VALUE! | J30: {=badge_away} -> #VALUE! | K30: Liverpool | N30: 29 | O30: {=badge_away} -> #VALUE! | P30: =IFERROR(INDEX(Calcs!A$2:A$37,MATCH($N30,Calcs!$CJ$2:$CJ$37,0)),"") -> Sabah | Q30: =IFERROR(INDEX(Calcs!$B$2:$AB$37,MATCH($N30,Calcs!$CJ$2:$CJ$37,0),MATCH(Q$1,Calcs!$B$1:$AB$1,0)),"") -> 0 | R30: =IFERROR(INDEX(Calcs!$B$2:$AB$37,MATCH($N30,Calcs!$CJ$2:$CJ$37,0),MATCH(R$1,Calcs!$B$1:$AB$1,0)),"") -> 0 | S30: =IFERROR(INDEX(Calcs!$B$2:$AB$37,MATCH($N30,Calcs!$CJ$2:$CJ$37,0),MATCH(S$1,Calcs!$B$1:$AB$1,0)),"") -> 0 | T30: =IFERROR(INDEX(Calcs!$B$2:$AB$37,MATCH($N30,Calcs!$CJ$2:$CJ$37,0),MATCH(T$1,Calcs!$B$1:$AB$1,0)),"") -> 0 | U30: =IFERROR(INDEX(Calcs!$B$2:$AB$37,MATCH($N30,Calcs!$CJ$2:$CJ$37,0),MATCH(U$1,Calcs!$B$1:$AB$1,0)),"") -> 0 | V30: =IFERROR(INDEX(Calcs!$B$2:$AB$37,MATCH($N30,Calcs!$CJ$2:$CJ$37,0),MATCH(V$1,Calcs!$B$1:$AB$1,0)),"") -> 0 | W30: =IFERROR(INDEX(Calcs!$B$2:$AB$37,MATCH($N30,Calcs!$CJ$2:$CJ$37,0),MATCH(W$1,Calcs!$B$1:$AB$1,0)),"") -> 0 | X30: =IFERROR(INDEX(Calcs!$B$2:$AB$37,MATCH($N30,Calcs!$CJ$2:$CJ$37,0),MATCH(X$1,Calcs!$B$1:$AB$1,0)),"") -> 0 | ... AQ30: =IFERROR(INDEX(Calcs!$B$2:$AB$37,MATCH($N30,Calcs!$CJ$2:$CJ$37,0),MATCH(AQ$1,Calcs!$B$1:$AB$1,0)),"") -> 0 | AS30: =INDEX(Calcs!A$2:A$37,MATCH($N30,Calcs!$CF$2:$CF$37,0)) -> Sabah | AU30: =INDEX(Calcs!$BZ$2:$BZ$37,MATCH($AS30,Calcs!$A$2:$A$37,0)) -> 1 | AV30: =COUNTIF($AU$2:$AU$37,$AU30) -> 36 | AW30: =AU30&"."&AV30 -> 1.36 | AX30: 29 | AZ30: =TablaEquipos[[#This Row],[Team]] -> Sabah | BF30: =IF(OR(G30="",H30=""),"Pendiente",IF(G30>H30,"Local",IF(G30<H30,"Visitante","Empate"))) -> Pendiente | BI30: =SUMIF(Calcs!$A$2:$A$37,League!BI4,Calcs!$F$2:$F$37) -> 0 | BJ30: =SUMIF(Calcs!$A$2:$A$37,League!BJ4,Calcs!$F$2:$F$37) -> 0 | BK30: =SUMIF(Calcs!$A$2:$A$37,League!BK4,Calcs!$F$2:$F$37) -> 0 | BL30: =SUMIF(Calcs!$A$2:$A$37,League!BL4,Calcs!$F$2:$F$37) -> 0 | BM30: =SUMIF(Calcs!$A$2:$A$37,League!BM4,Calcs!$F$2:$F$37) -> 0 | BN30: =SUMIF(Calcs!$A$2:$A$37,League!BN4,Calcs!$F$2:$F$37) -> 0 | BO30: =SUMIF(Calcs!$A$2:$A$37,League!BO4,Calcs!$F$2:$F$37) -> 0 | BP30: =SUMIF(Calcs!$A$2:$A$37,League!BP4,Calcs!$F$2:$F$37) -> 0 | ... CR30: =SUMIF(Calcs!$A$2:$A$37,League!CR4,Calcs!$F$2:$F$37) -> 0
A31: 2 | B31: =Horarios!C31 -> 46309.875 | C31: =Horarios!C31 -> 46309.875 | D31: Roma | E31: {=badge_home} -> #VALUE! | J31: {=badge_away} -> #VALUE! | K31: Real Madrid | N31: 30 | O31: {=badge_away} -> #VALUE! | P31: =IFERROR(INDEX(Calcs!A$2:A$37,MATCH($N31,Calcs!$CJ$2:$CJ$37,0)),"") -> Shakhtar Donetsk | Q31: =IFERROR(INDEX(Calcs!$B$2:$AB$37,MATCH($N31,Calcs!$CJ$2:$CJ$37,0),MATCH(Q$1,Calcs!$B$1:$AB$1,0)),"") -> 0 | R31: =IFERROR(INDEX(Calcs!$B$2:$AB$37,MATCH($N31,Calcs!$CJ$2:$CJ$37,0),MATCH(R$1,Calcs!$B$1:$AB$1,0)),"") -> 0 | S31: =IFERROR(INDEX(Calcs!$B$2:$AB$37,MATCH($N31,Calcs!$CJ$2:$CJ$37,0),MATCH(S$1,Calcs!$B$1:$AB$1,0)),"") -> 0 | T31: =IFERROR(INDEX(Calcs!$B$2:$AB$37,MATCH($N31,Calcs!$CJ$2:$CJ$37,0),MATCH(T$1,Calcs!$B$1:$AB$1,0)),"") -> 0 | U31: =IFERROR(INDEX(Calcs!$B$2:$AB$37,MATCH($N31,Calcs!$CJ$2:$CJ$37,0),MATCH(U$1,Calcs!$B$1:$AB$1,0)),"") -> 0 | V31: =IFERROR(INDEX(Calcs!$B$2:$AB$37,MATCH($N31,Calcs!$CJ$2:$CJ$37,0),MATCH(V$1,Calcs!$B$1:$AB$1,0)),"") -> 0 | W31: =IFERROR(INDEX(Calcs!$B$2:$AB$37,MATCH($N31,Calcs!$CJ$2:$CJ$37,0),MATCH(W$1,Calcs!$B$1:$AB$1,0)),"") -> 0 | X31: =IFERROR(INDEX(Calcs!$B$2:$AB$37,MATCH($N31,Calcs!$CJ$2:$CJ$37,0),MATCH(X$1,Calcs!$B$1:$AB$1,0)),"") -> 0 | ... AQ31: =IFERROR(INDEX(Calcs!$B$2:$AB$37,MATCH($N31,Calcs!$CJ$2:$CJ$37,0),MATCH(AQ$1,Calcs!$B$1:$AB$1,0)),"") -> 0 | AS31: =INDEX(Calcs!A$2:A$37,MATCH($N31,Calcs!$CF$2:$CF$37,0)) -> Shakhtar Donetsk | AU31: =INDEX(Calcs!$BZ$2:$BZ$37,MATCH($AS31,Calcs!$A$2:$A$37,0)) -> 1 | AV31: =COUNTIF($AU$2:$AU$37,$AU31) -> 36 | AW31: =AU31&"."&AV31 -> 1.36 | AX31: 30 | AZ31: =TablaEquipos[[#This Row],[Team]] -> Shakhtar Donetsk | BF31: =IF(OR(G31="",H31=""),"Pendiente",IF(G31>H31,"Local",IF(G31<H31,"Visitante","Empate"))) -> Pendiente | BI31: =SUMIF(Calcs!$A$2:$A$37,League!BI5,Calcs!$F$2:$F$37) -> 0 | BJ31: =SUMIF(Calcs!$A$2:$A$37,League!BJ5,Calcs!$F$2:$F$37) -> 0 | BK31: =SUMIF(Calcs!$A$2:$A$37,League!BK5,Calcs!$F$2:$F$37) -> 0 | BL31: =SUMIF(Calcs!$A$2:$A$37,League!BL5,Calcs!$F$2:$F$37) -> 0 | BM31: =SUMIF(Calcs!$A$2:$A$37,League!BM5,Calcs!$F$2:$F$37) -> 0 | BN31: =SUMIF(Calcs!$A$2:$A$37,League!BN5,Calcs!$F$2:$F$37) -> 0 | BO31: =SUMIF(Calcs!$A$2:$A$37,League!BO5,Calcs!$F$2:$F$37) -> 0 | BP31: =SUMIF(Calcs!$A$2:$A$37,League!BP5,Calcs!$F$2:$F$37) -> 0 | ... CR31: =SUMIF(Calcs!$A$2:$A$37,League!CR5,Calcs!$F$2:$F$37) -> 0
A32: 2 | B32: =Horarios!C32 -> 46309.875 | C32: =Horarios!C32 -> 46309.875 | D32: Aston Villa | E32: {=badge_home} -> #VALUE! | J32: {=badge_away} -> #VALUE! | K32: Fenerbahçe | N32: 31 | O32: {=badge_away} -> #VALUE! | P32: =IFERROR(INDEX(Calcs!A$2:A$37,MATCH($N32,Calcs!$CJ$2:$CJ$37,0)),"") -> Slavia Praha | Q32: =IFERROR(INDEX(Calcs!$B$2:$AB$37,MATCH($N32,Calcs!$CJ$2:$CJ$37,0),MATCH(Q$1,Calcs!$B$1:$AB$1,0)),"") -> 0 | R32: =IFERROR(INDEX(Calcs!$B$2:$AB$37,MATCH($N32,Calcs!$CJ$2:$CJ$37,0),MATCH(R$1,Calcs!$B$1:$AB$1,0)),"") -> 0 | S32: =IFERROR(INDEX(Calcs!$B$2:$AB$37,MATCH($N32,Calcs!$CJ$2:$CJ$37,0),MATCH(S$1,Calcs!$B$1:$AB$1,0)),"") -> 0 | T32: =IFERROR(INDEX(Calcs!$B$2:$AB$37,MATCH($N32,Calcs!$CJ$2:$CJ$37,0),MATCH(T$1,Calcs!$B$1:$AB$1,0)),"") -> 0 | U32: =IFERROR(INDEX(Calcs!$B$2:$AB$37,MATCH($N32,Calcs!$CJ$2:$CJ$37,0),MATCH(U$1,Calcs!$B$1:$AB$1,0)),"") -> 0 | V32: =IFERROR(INDEX(Calcs!$B$2:$AB$37,MATCH($N32,Calcs!$CJ$2:$CJ$37,0),MATCH(V$1,Calcs!$B$1:$AB$1,0)),"") -> 0 | W32: =IFERROR(INDEX(Calcs!$B$2:$AB$37,MATCH($N32,Calcs!$CJ$2:$CJ$37,0),MATCH(W$1,Calcs!$B$1:$AB$1,0)),"") -> 0 | X32: =IFERROR(INDEX(Calcs!$B$2:$AB$37,MATCH($N32,Calcs!$CJ$2:$CJ$37,0),MATCH(X$1,Calcs!$B$1:$AB$1,0)),"") -> 0 | ... AQ32: =IFERROR(INDEX(Calcs!$B$2:$AB$37,MATCH($N32,Calcs!$CJ$2:$CJ$37,0),MATCH(AQ$1,Calcs!$B$1:$AB$1,0)),"") -> 0 | AS32: =INDEX(Calcs!A$2:A$37,MATCH($N32,Calcs!$CF$2:$CF$37,0)) -> Slavia Praha | AU32: =INDEX(Calcs!$BZ$2:$BZ$37,MATCH($AS32,Calcs!$A$2:$A$37,0)) -> 1 | AV32: =COUNTIF($AU$2:$AU$37,$AU32) -> 36 | AW32: =AU32&"."&AV32 -> 1.36 | AX32: 31 | AZ32: =TablaEquipos[[#This Row],[Team]] -> Slavia Praha | BF32: =IF(OR(G32="",H32=""),"Pendiente",IF(G32>H32,"Local",IF(G32<H32,"Visitante","Empate"))) -> Pendiente | BI32: =SUMIF(Calcs!$A$2:$A$37,League!BI6,Calcs!$F$2:$F$37) -> 0 | BJ32: =SUMIF(Calcs!$A$2:$A$37,League!BJ6,Calcs!$F$2:$F$37) -> 0 | BK32: =SUMIF(Calcs!$A$2:$A$37,League!BK6,Calcs!$F$2:$F$37) -> 0 | BL32: =SUMIF(Calcs!$A$2:$A$37,League!BL6,Calcs!$F$2:$F$37) -> 0 | BM32: =SUMIF(Calcs!$A$2:$A$37,League!BM6,Calcs!$F$2:$F$37) -> 0 | BN32: =SUMIF(Calcs!$A$2:$A$37,League!BN6,Calcs!$F$2:$F$37) -> 0 | BO32: =SUMIF(Calcs!$A$2:$A$37,League!BO6,Calcs!$F$2:$F$37) -> 0 | BP32: =SUMIF(Calcs!$A$2:$A$37,League!BP6,Calcs!$F$2:$F$37) -> 0 | ... CR32: =SUMIF(Calcs!$A$2:$A$37,League!CR6,Calcs!$F$2:$F$37) -> 0
A33: 2 | B33: =Horarios!C33 -> 46309.875 | C33: =Horarios!C33 -> 46309.875 | D33: Shakhtar Donetsk | E33: {=badge_home} -> #VALUE! | J33: {=badge_away} -> #VALUE! | K33: AEK | N33: 32 | O33: {=badge_away} -> #VALUE! | P33: =IFERROR(INDEX(Calcs!A$2:A$37,MATCH($N33,Calcs!$CJ$2:$CJ$37,0)),"") -> Slovan Bratislava | Q33: =IFERROR(INDEX(Calcs!$B$2:$AB$37,MATCH($N33,Calcs!$CJ$2:$CJ$37,0),MATCH(Q$1,Calcs!$B$1:$AB$1,0)),"") -> 0 | R33: =IFERROR(INDEX(Calcs!$B$2:$AB$37,MATCH($N33,Calcs!$CJ$2:$CJ$37,0),MATCH(R$1,Calcs!$B$1:$AB$1,0)),"") -> 0 | S33: =IFERROR(INDEX(Calcs!$B$2:$AB$37,MATCH($N33,Calcs!$CJ$2:$CJ$37,0),MATCH(S$1,Calcs!$B$1:$AB$1,0)),"") -> 0 | T33: =IFERROR(INDEX(Calcs!$B$2:$AB$37,MATCH($N33,Calcs!$CJ$2:$CJ$37,0),MATCH(T$1,Calcs!$B$1:$AB$1,0)),"") -> 0 | U33: =IFERROR(INDEX(Calcs!$B$2:$AB$37,MATCH($N33,Calcs!$CJ$2:$CJ$37,0),MATCH(U$1,Calcs!$B$1:$AB$1,0)),"") -> 0 | V33: =IFERROR(INDEX(Calcs!$B$2:$AB$37,MATCH($N33,Calcs!$CJ$2:$CJ$37,0),MATCH(V$1,Calcs!$B$1:$AB$1,0)),"") -> 0 | W33: =IFERROR(INDEX(Calcs!$B$2:$AB$37,MATCH($N33,Calcs!$CJ$2:$CJ$37,0),MATCH(W$1,Calcs!$B$1:$AB$1,0)),"") -> 0 | X33: =IFERROR(INDEX(Calcs!$B$2:$AB$37,MATCH($N33,Calcs!$CJ$2:$CJ$37,0),MATCH(X$1,Calcs!$B$1:$AB$1,0)),"") -> 0 | ... AQ33: =IFERROR(INDEX(Calcs!$B$2:$AB$37,MATCH($N33,Calcs!$CJ$2:$CJ$37,0),MATCH(AQ$1,Calcs!$B$1:$AB$1,0)),"") -> 0 | AS33: =INDEX(Calcs!A$2:A$37,MATCH($N33,Calcs!$CF$2:$CF$37,0)) -> Slovan Bratislava | AU33: =INDEX(Calcs!$BZ$2:$BZ$37,MATCH($AS33,Calcs!$A$2:$A$37,0)) -> 1 | AV33: =COUNTIF($AU$2:$AU$37,$AU33) -> 36 | AW33: =AU33&"."&AV33 -> 1.36 | AX33: 32 | AZ33: =TablaEquipos[[#This Row],[Team]] -> Slovan Bratislava | BF33: =IF(OR(G33="",H33=""),"Pendiente",IF(G33>H33,"Local",IF(G33<H33,"Visitante","Empate"))) -> Pendiente | BI33: =SUMIF(Calcs!$A$2:$A$37,League!BI7,Calcs!$F$2:$F$37) -> 0 | BJ33: =SUMIF(Calcs!$A$2:$A$37,League!BJ7,Calcs!$F$2:$F$37) -> 0 | BK33: =SUMIF(Calcs!$A$2:$A$37,League!BK7,Calcs!$F$2:$F$37) -> 0 | BL33: =SUMIF(Calcs!$A$2:$A$37,League!BL7,Calcs!$F$2:$F$37) -> 0 | BM33: =SUMIF(Calcs!$A$2:$A$37,League!BM7,Calcs!$F$2:$F$37) -> 0 | BN33: =SUMIF(Calcs!$A$2:$A$37,League!BN7,Calcs!$F$2:$F$37) -> 0 | BO33: =SUMIF(Calcs!$A$2:$A$37,League!BO7,Calcs!$F$2:$F$37) -> 0 | BP33: =SUMIF(Calcs!$A$2:$A$37,League!BP7,Calcs!$F$2:$F$37) -> 0 | ... CR33: =SUMIF(Calcs!$A$2:$A$37,League!CR7,Calcs!$F$2:$F$37) -> 0
A34: 2 | B34: =Horarios!C34 -> 46309.875 | C34: =Horarios!C34 -> 46309.875 | D34: Bodø/Glimt | E34: {=badge_home} -> #VALUE! | J34: {=badge_away} -> #VALUE! | K34: Borussia Dortmund | N34: 33 | O34: {=badge_away} -> #VALUE! | P34: =IFERROR(INDEX(Calcs!A$2:A$37,MATCH($N34,Calcs!$CJ$2:$CJ$37,0)),"") -> Sporting Portugal | Q34: =IFERROR(INDEX(Calcs!$B$2:$AB$37,MATCH($N34,Calcs!$CJ$2:$CJ$37,0),MATCH(Q$1,Calcs!$B$1:$AB$1,0)),"") -> 0 | R34: =IFERROR(INDEX(Calcs!$B$2:$AB$37,MATCH($N34,Calcs!$CJ$2:$CJ$37,0),MATCH(R$1,Calcs!$B$1:$AB$1,0)),"") -> 0 | S34: =IFERROR(INDEX(Calcs!$B$2:$AB$37,MATCH($N34,Calcs!$CJ$2:$CJ$37,0),MATCH(S$1,Calcs!$B$1:$AB$1,0)),"") -> 0 | T34: =IFERROR(INDEX(Calcs!$B$2:$AB$37,MATCH($N34,Calcs!$CJ$2:$CJ$37,0),MATCH(T$1,Calcs!$B$1:$AB$1,0)),"") -> 0 | U34: =IFERROR(INDEX(Calcs!$B$2:$AB$37,MATCH($N34,Calcs!$CJ$2:$CJ$37,0),MATCH(U$1,Calcs!$B$1:$AB$1,0)),"") -> 0 | V34: =IFERROR(INDEX(Calcs!$B$2:$AB$37,MATCH($N34,Calcs!$CJ$2:$CJ$37,0),MATCH(V$1,Calcs!$B$1:$AB$1,0)),"") -> 0 | W34: =IFERROR(INDEX(Calcs!$B$2:$AB$37,MATCH($N34,Calcs!$CJ$2:$CJ$37,0),MATCH(W$1,Calcs!$B$1:$AB$1,0)),"") -> 0 | X34: =IFERROR(INDEX(Calcs!$B$2:$AB$37,MATCH($N34,Calcs!$CJ$2:$CJ$37,0),MATCH(X$1,Calcs!$B$1:$AB$1,0)),"") -> 0 | ... AQ34: =IFERROR(INDEX(Calcs!$B$2:$AB$37,MATCH($N34,Calcs!$CJ$2:$CJ$37,0),MATCH(AQ$1,Calcs!$B$1:$AB$1,0)),"") -> 0 | AS34: =INDEX(Calcs!A$2:A$37,MATCH($N34,Calcs!$CF$2:$CF$37,0)) -> Sporting Portugal | AU34: =INDEX(Calcs!$BZ$2:$BZ$37,MATCH($AS34,Calcs!$A$2:$A$37,0)) -> 1 | AV34: =COUNTIF($AU$2:$AU$37,$AU34) -> 36 | AW34: =AU34&"."&AV34 -> 1.36 | AX34: 33 | AZ34: =TablaEquipos[[#This Row],[Team]] -> Sporting Portugal | BF34: =IF(OR(G34="",H34=""),"Pendiente",IF(G34>H34,"Local",IF(G34<H34,"Visitante","Empate"))) -> Pendiente | BI34: =SUMIF(Calcs!$A$2:$A$37,League!BI8,Calcs!$F$2:$F$37) -> 0 | BJ34: =SUMIF(Calcs!$A$2:$A$37,League!BJ8,Calcs!$F$2:$F$37) -> 0 | BK34: =SUMIF(Calcs!$A$2:$A$37,League!BK8,Calcs!$F$2:$F$37) -> 0 | BL34: =SUMIF(Calcs!$A$2:$A$37,League!BL8,Calcs!$F$2:$F$37) -> 0 | BM34: =SUMIF(Calcs!$A$2:$A$37,League!BM8,Calcs!$F$2:$F$37) -> 0 | BN34: =SUMIF(Calcs!$A$2:$A$37,League!BN8,Calcs!$F$2:$F$37) -> 0 | BO34: =SUMIF(Calcs!$A$2:$A$37,League!BO8,Calcs!$F$2:$F$37) -> 0 | BP34: =SUMIF(Calcs!$A$2:$A$37,League!BP8,Calcs!$F$2:$F$37) -> 0 | ... CR34: =SUMIF(Calcs!$A$2:$A$37,League!CR8,Calcs!$F$2:$F$37) -> 0
A35: 2 | B35: =Horarios!C35 -> 46309.875 | C35: =Horarios!C35 -> 46309.875 | D35: Manchester City | E35: {=badge_home} -> #VALUE! | J35: {=badge_away} -> #VALUE! | K35: PSG | N35: 34 | O35: {=badge_away} -> #VALUE! | P35: =IFERROR(INDEX(Calcs!A$2:A$37,MATCH($N35,Calcs!$CJ$2:$CJ$37,0)),"") -> Stuttgart | Q35: =IFERROR(INDEX(Calcs!$B$2:$AB$37,MATCH($N35,Calcs!$CJ$2:$CJ$37,0),MATCH(Q$1,Calcs!$B$1:$AB$1,0)),"") -> 0 | R35: =IFERROR(INDEX(Calcs!$B$2:$AB$37,MATCH($N35,Calcs!$CJ$2:$CJ$37,0),MATCH(R$1,Calcs!$B$1:$AB$1,0)),"") -> 0 | S35: =IFERROR(INDEX(Calcs!$B$2:$AB$37,MATCH($N35,Calcs!$CJ$2:$CJ$37,0),MATCH(S$1,Calcs!$B$1:$AB$1,0)),"") -> 0 | T35: =IFERROR(INDEX(Calcs!$B$2:$AB$37,MATCH($N35,Calcs!$CJ$2:$CJ$37,0),MATCH(T$1,Calcs!$B$1:$AB$1,0)),"") -> 0 | U35: =IFERROR(INDEX(Calcs!$B$2:$AB$37,MATCH($N35,Calcs!$CJ$2:$CJ$37,0),MATCH(U$1,Calcs!$B$1:$AB$1,0)),"") -> 0 | V35: =IFERROR(INDEX(Calcs!$B$2:$AB$37,MATCH($N35,Calcs!$CJ$2:$CJ$37,0),MATCH(V$1,Calcs!$B$1:$AB$1,0)),"") -> 0 | W35: =IFERROR(INDEX(Calcs!$B$2:$AB$37,MATCH($N35,Calcs!$CJ$2:$CJ$37,0),MATCH(W$1,Calcs!$B$1:$AB$1,0)),"") -> 0 | X35: =IFERROR(INDEX(Calcs!$B$2:$AB$37,MATCH($N35,Calcs!$CJ$2:$CJ$37,0),MATCH(X$1,Calcs!$B$1:$AB$1,0)),"") -> 0 | ... AQ35: =IFERROR(INDEX(Calcs!$B$2:$AB$37,MATCH($N35,Calcs!$CJ$2:$CJ$37,0),MATCH(AQ$1,Calcs!$B$1:$AB$1,0)),"") -> 0 | AS35: =INDEX(Calcs!A$2:A$37,MATCH($N35,Calcs!$CF$2:$CF$37,0)) -> Stuttgart | AU35: =INDEX(Calcs!$BZ$2:$BZ$37,MATCH($AS35,Calcs!$A$2:$A$37,0)) -> 1 | AV35: =COUNTIF($AU$2:$AU$37,$AU35) -> 36 | AW35: =AU35&"."&AV35 -> 1.36 | AX35: 34 | AZ35: =TablaEquipos[[#This Row],[Team]] -> Stuttgart | BF35: =IF(OR(G35="",H35=""),"Pendiente",IF(G35>H35,"Local",IF(G35<H35,"Visitante","Empate"))) -> Pendiente | BI35: =SUMIF(Calcs!$A$2:$A$37,League!BI9,Calcs!$F$2:$F$37) -> 0 | BJ35: =SUMIF(Calcs!$A$2:$A$37,League!BJ9,Calcs!$F$2:$F$37) -> 0 | BK35: =SUMIF(Calcs!$A$2:$A$37,League!BK9,Calcs!$F$2:$F$37) -> 0 | BL35: =SUMIF(Calcs!$A$2:$A$37,League!BL9,Calcs!$F$2:$F$37) -> 0 | BM35: =SUMIF(Calcs!$A$2:$A$37,League!BM9,Calcs!$F$2:$F$37) -> 0 | BN35: =SUMIF(Calcs!$A$2:$A$37,League!BN9,Calcs!$F$2:$F$37) -> 0 | BO35: =SUMIF(Calcs!$A$2:$A$37,League!BO9,Calcs!$F$2:$F$37) -> 0 | BP35: =SUMIF(Calcs!$A$2:$A$37,League!BP9,Calcs!$F$2:$F$37) -> 0 | ... CR35: =SUMIF(Calcs!$A$2:$A$37,League!CR9,Calcs!$F$2:$F$37) -> 0
A36: 2 | B36: =Horarios!C36 -> 46309.875 | C36: =Horarios!C36 -> 46309.875 | D36: Betis | E36: {=badge_home} -> #VALUE! | J36: {=badge_away} -> #VALUE! | K36: Porto | N36: 35 | O36: {=badge_away} -> #VALUE! | P36: =IFERROR(INDEX(Calcs!A$2:A$37,MATCH($N36,Calcs!$CJ$2:$CJ$37,0)),"") -> Viking | Q36: =IFERROR(INDEX(Calcs!$B$2:$AB$37,MATCH($N36,Calcs!$CJ$2:$CJ$37,0),MATCH(Q$1,Calcs!$B$1:$AB$1,0)),"") -> 0 | R36: =IFERROR(INDEX(Calcs!$B$2:$AB$37,MATCH($N36,Calcs!$CJ$2:$CJ$37,0),MATCH(R$1,Calcs!$B$1:$AB$1,0)),"") -> 0 | S36: =IFERROR(INDEX(Calcs!$B$2:$AB$37,MATCH($N36,Calcs!$CJ$2:$CJ$37,0),MATCH(S$1,Calcs!$B$1:$AB$1,0)),"") -> 0 | T36: =IFERROR(INDEX(Calcs!$B$2:$AB$37,MATCH($N36,Calcs!$CJ$2:$CJ$37,0),MATCH(T$1,Calcs!$B$1:$AB$1,0)),"") -> 0 | U36: =IFERROR(INDEX(Calcs!$B$2:$AB$37,MATCH($N36,Calcs!$CJ$2:$CJ$37,0),MATCH(U$1,Calcs!$B$1:$AB$1,0)),"") -> 0 | V36: =IFERROR(INDEX(Calcs!$B$2:$AB$37,MATCH($N36,Calcs!$CJ$2:$CJ$37,0),MATCH(V$1,Calcs!$B$1:$AB$1,0)),"") -> 0 | W36: =IFERROR(INDEX(Calcs!$B$2:$AB$37,MATCH($N36,Calcs!$CJ$2:$CJ$37,0),MATCH(W$1,Calcs!$B$1:$AB$1,0)),"") -> 0 | X36: =IFERROR(INDEX(Calcs!$B$2:$AB$37,MATCH($N36,Calcs!$CJ$2:$CJ$37,0),MATCH(X$1,Calcs!$B$1:$AB$1,0)),"") -> 0 | ... AQ36: =IFERROR(INDEX(Calcs!$B$2:$AB$37,MATCH($N36,Calcs!$CJ$2:$CJ$37,0),MATCH(AQ$1,Calcs!$B$1:$AB$1,0)),"") -> 0 | AS36: =INDEX(Calcs!A$2:A$37,MATCH($N36,Calcs!$CF$2:$CF$37,0)) -> Viking | AU36: =INDEX(Calcs!$BZ$2:$BZ$37,MATCH($AS36,Calcs!$A$2:$A$37,0)) -> 1 | AV36: =COUNTIF($AU$2:$AU$37,$AU36) -> 36 | AW36: =AU36&"."&AV36 -> 1.36 | AX36: 35 | AZ36: =TablaEquipos[[#This Row],[Team]] -> Viking | BF36: =IF(OR(G36="",H36=""),"Pendiente",IF(G36>H36,"Local",IF(G36<H36,"Visitante","Empate"))) -> Pendiente | BH36: GF Oponentes | BI36: =SUM(BI28:BI35) -> 0 | BJ36: =SUM(BJ28:BJ35) -> 0 | BK36: =SUM(BK28:BK35) -> 0 | BL36: =SUM(BL28:BL35) -> 0 | BM36: =SUM(BM28:BM35) -> 0 | BN36: =SUM(BN28:BN35) -> 0 | BO36: =SUM(BO28:BO35) -> 0 | BP36: =SUM(BP28:BP35) -> 0 | ... CR36: =SUM(CR28:CR35) -> 0
A37: 2 | B37: =Horarios!C37 -> 46309.875 | C37: =Horarios!C37 -> 46309.875 | D37: Slovan Bratislava | E37: {=badge_home} -> #VALUE! | J37: {=badge_away} -> #VALUE! | K37: Stuttgart | N37: 36 | O37: {=badge_away} -> #VALUE! | P37: =IFERROR(INDEX(Calcs!A$2:A$37,MATCH($N37,Calcs!$CJ$2:$CJ$37,0)),"") -> Villarreal | Q37: =IFERROR(INDEX(Calcs!$B$2:$AB$37,MATCH($N37,Calcs!$CJ$2:$CJ$37,0),MATCH(Q$1,Calcs!$B$1:$AB$1,0)),"") -> 0 | R37: =IFERROR(INDEX(Calcs!$B$2:$AB$37,MATCH($N37,Calcs!$CJ$2:$CJ$37,0),MATCH(R$1,Calcs!$B$1:$AB$1,0)),"") -> 0 | S37: =IFERROR(INDEX(Calcs!$B$2:$AB$37,MATCH($N37,Calcs!$CJ$2:$CJ$37,0),MATCH(S$1,Calcs!$B$1:$AB$1,0)),"") -> 0 | T37: =IFERROR(INDEX(Calcs!$B$2:$AB$37,MATCH($N37,Calcs!$CJ$2:$CJ$37,0),MATCH(T$1,Calcs!$B$1:$AB$1,0)),"") -> 0 | U37: =IFERROR(INDEX(Calcs!$B$2:$AB$37,MATCH($N37,Calcs!$CJ$2:$CJ$37,0),MATCH(U$1,Calcs!$B$1:$AB$1,0)),"") -> 0 | V37: =IFERROR(INDEX(Calcs!$B$2:$AB$37,MATCH($N37,Calcs!$CJ$2:$CJ$37,0),MATCH(V$1,Calcs!$B$1:$AB$1,0)),"") -> 0 | W37: =IFERROR(INDEX(Calcs!$B$2:$AB$37,MATCH($N37,Calcs!$CJ$2:$CJ$37,0),MATCH(W$1,Calcs!$B$1:$AB$1,0)),"") -> 0 | X37: =IFERROR(INDEX(Calcs!$B$2:$AB$37,MATCH($N37,Calcs!$CJ$2:$CJ$37,0),MATCH(X$1,Calcs!$B$1:$AB$1,0)),"") -> 0 | ... AQ37: =IFERROR(INDEX(Calcs!$B$2:$AB$37,MATCH($N37,Calcs!$CJ$2:$CJ$37,0),MATCH(AQ$1,Calcs!$B$1:$AB$1,0)),"") -> 0 | AS37: =INDEX(Calcs!A$2:A$37,MATCH($N37,Calcs!$CF$2:$CF$37,0)) -> Villarreal | AU37: =INDEX(Calcs!$BZ$2:$BZ$37,MATCH($AS37,Calcs!$A$2:$A$37,0)) -> 1 | AV37: =COUNTIF($AU$2:$AU$37,$AU37) -> 36 | AW37: =AU37&"."&AV37 -> 1.36 | AX37: 36 | AZ37: =TablaEquipos[[#This Row],[Team]] -> Villarreal | BF37: =IF(OR(G37="",H37=""),"Pendiente",IF(G37>H37,"Local",IF(G37<H37,"Visitante","Empate"))) -> Pendiente
A38: 3 | B38: =Horarios!C38 -> 46315.781 | C38: =Horarios!C38 -> 46315.781 | D38: Fenerbahçe | E38: {=badge_home} -> #VALUE! | J38: {=badge_away} -> #VALUE! | K38: Slavia Praha | L38: ^ | BF38: =IF(OR(G38="",H38=""),"Pendiente",IF(G38>H38,"Local",IF(G38<H38,"Visitante","Empate"))) -> Pendiente
A39: 3 | B39: =Horarios!C39 -> 46315.781 | C39: =Horarios!C39 -> 46315.781 | D39: Sabah | E39: {=badge_home} -> #VALUE! | J39: {=badge_away} -> #VALUE! | K39: Borussia Dortmund | BF39: =IF(OR(G39="",H39=""),"Pendiente",IF(G39>H39,"Local",IF(G39<H39,"Visitante","Empate"))) -> Pendiente
A40: 3 | B40: =Horarios!C40 -> 46315.875 | C40: =Horarios!C40 -> 46315.875 | D40: Roma | E40: {=badge_home} -> #VALUE! | J40: {=badge_away} -> #VALUE! | K40: Slovan Bratislava | P40: If two or more teams are equal on points on completion of the league phase matches, the following criteria are applied, in this order, to determine their rankings: | BF40: =IF(OR(G40="",H40=""),"Pendiente",IF(G40>H40,"Local",IF(G40<H40,"Visitante","Empate"))) -> Pendiente
A41: 3 | B41: =Horarios!C41 -> 46315.875 | C41: =Horarios!C41 -> 46315.875 | D41: Porto | E41: {=badge_home} -> #VALUE! | J41: {=badge_away} -> #VALUE! | K41: PSV Eindhoven | P41: a) Superior goal difference in the league phase | BF41: =IF(OR(G41="",H41=""),"Pendiente",IF(G41>H41,"Local",IF(G41<H41,"Visitante","Empate"))) -> Pendiente
A42: 3 | B42: =Horarios!C42 -> 46315.875 | C42: =Horarios!C42 -> 46315.875 | D42: Liverpool | E42: {=badge_home} -> #VALUE! | J42: {=badge_away} -> #VALUE! | K42: Villarreal | P42: b) Higher number of goals scored in the league phase | BF42: =IF(OR(G42="",H42=""),"Pendiente",IF(G42>H42,"Local",IF(G42<H42,"Visitante","Empate"))) -> Pendiente
A43: 3 | B43: =Horarios!C43 -> 46315.875 | C43: =Horarios!C43 -> 46315.875 | D43: Manchester City | E43: {=badge_home} -> #VALUE! | J43: {=badge_away} -> #VALUE! | K43: AEK | P43: c) Higher number of away goals scored in the league phase | BF43: =IF(OR(G43="",H43=""),"Pendiente",IF(G43>H43,"Local",IF(G43<H43,"Visitante","Empate"))) -> Pendiente
A44: 3 | B44: =Horarios!C44 -> 46315.875 | C44: =Horarios!C44 -> 46315.875 | D44: PSG | E44: {=badge_home} -> #VALUE! | J44: {=badge_away} -> #VALUE! | K44: Barcelona | P44: d) Higher number of wins in the league phase | BF44: =IF(OR(G44="",H44=""),"Pendiente",IF(G44>H44,"Local",IF(G44<H44,"Visitante","Empate"))) -> Pendiente
A45: 3 | B45: =Horarios!C45 -> 46315.875 | C45: =Horarios!C45 -> 46315.875 | D45: Napoli | E45: {=badge_home} -> #VALUE! | J45: {=badge_away} -> #VALUE! | K45: Bodø/Glimt | P45: e) Higher number of away wins in the league phase | BF45: =IF(OR(G45="",H45=""),"Pendiente",IF(G45>H45,"Local",IF(G45<H45,"Visitante","Empate"))) -> Pendiente
A46: 3 | B46: =Horarios!C46 -> 46315.875 | C46: =Horarios!C46 -> 46315.875 | D46: Stuttgart | E46: {=badge_home} -> #VALUE! | J46: {=badge_away} -> #VALUE! | K46: Atlético Madrid | P46: f) Higher number of points obtained collectively by league phase opponents | BF46: =IF(OR(G46="",H46=""),"Pendiente",IF(G46>H46,"Local",IF(G46<H46,"Visitante","Empate"))) -> Pendiente
A47: 3 | B47: =Horarios!C47 -> 46316.781 | C47: =Horarios!C47 -> 46316.781 | D47: Como | E47: {=badge_home} -> #VALUE! | J47: {=badge_away} -> #VALUE! | K47: Manchester United | P47: g) Superior collective goal difference of league phase opponents | BF47: =IF(OR(G47="",H47=""),"Pendiente",IF(G47>H47,"Local",IF(G47<H47,"Visitante","Empate"))) -> Pendiente
A48: 3 | B48: =Horarios!C48 -> 46316.781 | C48: =Horarios!C48 -> 46316.781 | D48: Lille | E48: {=badge_home} -> #VALUE! | J48: {=badge_away} -> #VALUE! | K48: Galatasaray | P48: h) Higher number of goals scored collectively by league phase opponents | BF48: =IF(OR(G48="",H48=""),"Pendiente",IF(G48>H48,"Local",IF(G48<H48,"Visitante","Empate"))) -> Pendiente
A49: 3 | B49: =Horarios!C49 -> 46316.875 | C49: =Horarios!C49 -> 46316.875 | D49: Aston Villa | E49: {=badge_home} -> #VALUE! | J49: {=badge_away} -> #VALUE! | K49: Viking | P49: We don't use i) and j) in the standinsgs table, but if they still in equality, you can choose the order manually at the right of the standing table | BF49: =IF(OR(G49="",H49=""),"Pendiente",IF(G49>H49,"Local",IF(G49<H49,"Visitante","Empate"))) -> Pendiente
A50: 3 | B50: =Horarios!C50 -> 46316.875 | C50: =Horarios!C50 -> 46316.875 | D50: Brugge | E50: {=badge_home} -> #VALUE! | J50: {=badge_away} -> #VALUE! | K50: Lens | P50: i) Lower disciplinary points total based only on yellow and red cards received by players and team officials in all league phase matches (red card = 3 points, yellow card = 1 point, expulsion for two yellow cards in one match = 3 points) | BF50: =IF(OR(G50="",H50=""),"Pendiente",IF(G50>H50,"Local",IF(G50<H50,"Visitante","Empate"))) -> Pendiente
A51: 3 | B51: =Horarios!C51 -> 46316.875 | C51: =Horarios!C51 -> 46316.875 | D51: Bayern München | E51: {=badge_home} -> #VALUE! | J51: {=badge_away} -> #VALUE! | K51: Arsenal | P51: j) Higher club coefficient | BF51: =IF(OR(G51="",H51=""),"Pendiente",IF(G51>H51,"Local",IF(G51<H51,"Visitante","Empate"))) -> Pendiente
A52: 3 | B52: =Horarios!C52 -> 46316.875 | C52: =Horarios!C52 -> 46316.875 | D52: Inter Milan | E52: {=badge_home} -> #VALUE! | J52: {=badge_away} -> #VALUE! | K52: Shakhtar Donetsk | BF52: =IF(OR(G52="",H52=""),"Pendiente",IF(G52>H52,"Local",IF(G52<H52,"Visitante","Empate"))) -> Pendiente
A53: 3 | B53: =Horarios!C53 -> 46316.875 | C53: =Horarios!C53 -> 46316.875 | D53: Real Madrid | E53: {=badge_home} -> #VALUE! | J53: {=badge_away} -> #VALUE! | K53: Leipzig | BF53: =IF(OR(G53="",H53=""),"Pendiente",IF(G53>H53,"Local",IF(G53<H53,"Visitante","Empate"))) -> Pendiente
A54: 3 | B54: =Horarios!C54 -> 46316.875 | C54: =Horarios!C54 -> 46316.875 | D54: Betis | E54: {=badge_home} -> #VALUE! | J54: {=badge_away} -> #VALUE! | K54: Feyenoord | BF54: =IF(OR(G54="",H54=""),"Pendiente",IF(G54>H54,"Local",IF(G54<H54,"Visitante","Empate"))) -> Pendiente
A55: 3 | B55: =Horarios!C55 -> 46316.875 | C55: =Horarios!C55 -> 46316.875 | D55: Sporting Portugal | E55: {=badge_home} -> #VALUE! | J55: {=badge_away} -> #VALUE! | K55: LASK | BF55: =IF(OR(G55="",H55=""),"Pendiente",IF(G55>H55,"Local",IF(G55<H55,"Visitante","Empate"))) -> Pendiente
A56: 4 | B56: =Horarios!C56 -> 46329.781 | C56: =Horarios!C56 -> 46329.781 | D56: Shakhtar Donetsk | E56: {=badge_home} -> #VALUE! | J56: {=badge_away} -> #VALUE! | K56: Sporting Portugal | L56: ^ | P56: =HYPERLINK(Idiomas!D11,Idiomas!D7) -> Si quieres organizar una porra con tu grupo puedes descargar el archivo para administrarla desde aquí. | BF56: =IF(OR(G56="",H56=""),"Pendiente",IF(G56>H56,"Local",IF(G56<H56,"Visitante","Empate"))) -> Pendiente
A57: 4 | B57: =Horarios!C57 -> 46329.781 | C57: =Horarios!C57 -> 46329.781 | D57: Galatasaray | E57: {=badge_home} -> #VALUE! | J57: {=badge_away} -> #VALUE! | K57: Stuttgart | BF57: =IF(OR(G57="",H57=""),"Pendiente",IF(G57>H57,"Local",IF(G57<H57,"Visitante","Empate"))) -> Pendiente
A58: 4 | B58: =Horarios!C58 -> 46329.875 | C58: =Horarios!C58 -> 46329.875 | D58: Atlético Madrid | E58: {=badge_home} -> #VALUE! | J58: {=badge_away} -> #VALUE! | K58: Bayern München | BF58: =IF(OR(G58="",H58=""),"Pendiente",IF(G58>H58,"Local",IF(G58<H58,"Visitante","Empate"))) -> Pendiente
A59: 4 | B59: =Horarios!C59 -> 46329.875 | C59: =Horarios!C59 -> 46329.875 | D59: Barcelona | E59: {=badge_home} -> #VALUE! | J59: {=badge_away} -> #VALUE! | K59: Aston Villa | BF59: =IF(OR(G59="",H59=""),"Pendiente",IF(G59>H59,"Local",IF(G59<H59,"Visitante","Empate"))) -> Pendiente
A60: 4 | B60: =Horarios!C60 -> 46329.875 | C60: =Horarios!C60 -> 46329.875 | D60: Feyenoord | E60: {=badge_home} -> #VALUE! | J60: {=badge_away} -> #VALUE! | K60: Inter Milan | BF60: =IF(OR(G60="",H60=""),"Pendiente",IF(G60>H60,"Local",IF(G60<H60,"Visitante","Empate"))) -> Pendiente
A61: 4 | B61: =Horarios!C61 -> 46329.875 | C61: =Horarios!C61 -> 46329.875 | D61: Bodø/Glimt | E61: {=badge_home} -> #VALUE! | J61: {=badge_away} -> #VALUE! | K61: Lille | BF61: =IF(OR(G61="",H61=""),"Pendiente",IF(G61>H61,"Local",IF(G61<H61,"Visitante","Empate"))) -> Pendiente
A62: 4 | B62: =Horarios!C62 -> 46329.875 | C62: =Horarios!C62 -> 46329.875 | D62: LASK | E62: {=badge_home} -> #VALUE! | J62: {=badge_away} -> #VALUE! | K62: Slovan Bratislava | BF62: =IF(OR(G62="",H62=""),"Pendiente",IF(G62>H62,"Local",IF(G62<H62,"Visitante","Empate"))) -> Pendiente
A63: 4 | B63: =Horarios!C63 -> 46329.875 | C63: =Horarios!C63 -> 46329.875 | D63: Manchester United | E63: {=badge_home} -> #VALUE! | J63: {=badge_away} -> #VALUE! | K63: Roma | BF63: =IF(OR(G63="",H63=""),"Pendiente",IF(G63>H63,"Local",IF(G63<H63,"Visitante","Empate"))) -> Pendiente
A64: 4 | B64: =Horarios!C64 -> 46329.875 | C64: =Horarios!C64 -> 46329.875 | D64: Villarreal | E64: {=badge_home} -> #VALUE! | J64: {=badge_away} -> #VALUE! | K64: PSG | BF64: =IF(OR(G64="",H64=""),"Pendiente",IF(G64>H64,"Local",IF(G64<H64,"Visitante","Empate"))) -> Pendiente
A65: 4 | B65: =Horarios!C65 -> 46330.781 | C65: =Horarios!C65 -> 46330.781 | D65: AEK | E65: {=badge_home} -> #VALUE! | J65: {=badge_away} -> #VALUE! | K65: Real Madrid | BF65: =IF(OR(G65="",H65=""),"Pendiente",IF(G65>H65,"Local",IF(G65<H65,"Visitante","Empate"))) -> Pendiente
A66: 4 | B66: =Horarios!C66 -> 46330.781 | C66: =Horarios!C66 -> 46330.781 | D66: Fenerbahçe | E66: {=badge_home} -> #VALUE! | J66: {=badge_away} -> #VALUE! | K66: Liverpool | BF66: =IF(OR(G66="",H66=""),"Pendiente",IF(G66>H66,"Local",IF(G66<H66,"Visitante","Empate"))) -> Pendiente
A67: 4 | B67: =Horarios!C67 -> 46330.875 | C67: =Horarios!C67 -> 46330.875 | D67: Borussia Dortmund | E67: {=badge_home} -> #VALUE! | J67: {=badge_away} -> #VALUE! | K67: Betis | BF67: =IF(OR(G67="",H67=""),"Pendiente",IF(G67>H67,"Local",IF(G67<H67,"Visitante","Empate"))) -> Pendiente
A68: 4 | B68: =Horarios!C68 -> 46330.875 | C68: =Horarios!C68 -> 46330.875 | D68: Porto | E68: {=badge_home} -> #VALUE! | J68: {=badge_away} -> #VALUE! | K68: Napoli | BF68: =IF(OR(G68="",H68=""),"Pendiente",IF(G68>H68,"Local",IF(G68<H68,"Visitante","Empate"))) -> Pendiente
... A73: 4 | B73: =Horarios!C73 -> 46330.875 | C73: =Horarios!C73 -> 46330.875 | D73: Viking | E73: {=badge_home} -> #VALUE! | J73: {=badge_away} -> #VALUE! | K73: Sabah | BF73: =IF(OR(G73="",H73=""),"Pendiente",IF(G73>H73,"Local",IF(G73<H73,"Visitante","Empate"))) -> Pendiente
A74: 5 | B74: =Horarios!C74 -> 46350.781 | C74: =Horarios!C74 -> 46350.781 | D74: Bodø/Glimt | E74: {=badge_home} -> #VALUE! | J74: {=badge_away} -> #VALUE! | K74: LASK | L74: ^ | BF74: =IF(OR(G74="",H74=""),"Pendiente",IF(G74>H74,"Local",IF(G74<H74,"Visitante","Empate"))) -> Pendiente
A75: 5 | B75: =Horarios!C75 -> 46350.781 | C75: =Horarios!C75 -> 46350.781 | D75: Galatasaray | E75: {=badge_home} -> #VALUE! | J75: {=badge_away} -> #VALUE! | K75: Aston Villa | BF75: =IF(OR(G75="",H75=""),"Pendiente",IF(G75>H75,"Local",IF(G75<H75,"Visitante","Empate"))) -> Pendiente
A76: 5 | B76: =Horarios!C76 -> 46350.875 | C76: =Horarios!C76 -> 46350.875 | D76: Arsenal | E76: {=badge_home} -> #VALUE! | J76: {=badge_away} -> #VALUE! | K76: Borussia Dortmund | BF76: =IF(OR(G76="",H76=""),"Pendiente",IF(G76>H76,"Local",IF(G76<H76,"Visitante","Empate"))) -> Pendiente
A77: 5 | B77: =Horarios!C77 -> 46350.875 | C77: =Horarios!C77 -> 46350.875 | D77: Como | E77: {=badge_home} -> #VALUE! | J77: {=badge_away} -> #VALUE! | K77: AEK | BF77: =IF(OR(G77="",H77=""),"Pendiente",IF(G77>H77,"Local",IF(G77<H77,"Visitante","Empate"))) -> Pendiente
A78: 5 | B78: =Horarios!C78 -> 46350.875 | C78: =Horarios!C78 -> 46350.875 | D78: Feyenoord | E78: {=badge_home} -> #VALUE! | J78: {=badge_away} -> #VALUE! | K78: Porto | BF78: =IF(OR(G78="",H78=""),"Pendiente",IF(G78>H78,"Local",IF(G78<H78,"Visitante","Empate"))) -> Pendiente
A79: 5 | B79: =Horarios!C79 -> 46350.875 | C79: =Horarios!C79 -> 46350.875 | D79: Manchester City | E79: {=badge_home} -> #VALUE! | J79: {=badge_away} -> #VALUE! | K79: Napoli | BF79: =IF(OR(G79="",H79=""),"Pendiente",IF(G79>H79,"Local",IF(G79<H79,"Visitante","Empate"))) -> Pendiente
A80: 5 | B80: =Horarios!C80 -> 46350.875 | C80: =Horarios!C80 -> 46350.875 | D80: Leipzig | E80: {=badge_home} -> #VALUE! | J80: {=badge_away} -> #VALUE! | K80: Lens | BF80: =IF(OR(G80="",H80=""),"Pendiente",IF(G80>H80,"Local",IF(G80<H80,"Visitante","Empate"))) -> Pendiente
A81: 5 | B81: =Horarios!C81 -> 46350.875 | C81: =Horarios!C81 -> 46350.875 | D81: Real Madrid | E81: {=badge_home} -> #VALUE! | J81: {=badge_away} -> #VALUE! | K81: PSV Eindhoven | BF81: =IF(OR(G81="",H81=""),"Pendiente",IF(G81>H81,"Local",IF(G81<H81,"Visitante","Empate"))) -> Pendiente
A82: 5 | B82: =Horarios!C82 -> 46350.875 | C82: =Horarios!C82 -> 46350.875 | D82: Slovan Bratislava | E82: {=badge_home} -> #VALUE! | J82: {=badge_away} -> #VALUE! | K82: Betis | BF82: =IF(OR(G82="",H82=""),"Pendiente",IF(G82>H82,"Local",IF(G82<H82,"Visitante","Empate"))) -> Pendiente
A83: 5 | B83: =Horarios!C83 -> 46351.781 | C83: =Horarios!C83 -> 46351.781 | D83: Sabah | E83: {=badge_home} -> #VALUE! | J83: {=badge_away} -> #VALUE! | K83: Barcelona | BF83: =IF(OR(G83="",H83=""),"Pendiente",IF(G83>H83,"Local",IF(G83<H83,"Visitante","Empate"))) -> Pendiente
A84: 5 | B84: =Horarios!C84 -> 46351.781 | C84: =Horarios!C84 -> 46351.781 | D84: Slavia Praha | E84: {=badge_home} -> #VALUE! | J84: {=badge_away} -> #VALUE! | K84: Villarreal | BF84: =IF(OR(G84="",H84=""),"Pendiente",IF(G84>H84,"Local",IF(G84<H84,"Visitante","Empate"))) -> Pendiente
A85: 5 | B85: =Horarios!C85 -> 46351.875 | C85: =Horarios!C85 -> 46351.875 | D85: Atlético Madrid | E85: {=badge_home} -> #VALUE! | J85: {=badge_away} -> #VALUE! | K85: Viking | BF85: =IF(OR(G85="",H85=""),"Pendiente",IF(G85>H85,"Local",IF(G85<H85,"Visitante","Empate"))) -> Pendiente
A86: 5 | B86: =Horarios!C86 -> 46351.875 | C86: =Horarios!C86 -> 46351.875 | D86: Brugge | E86: {=badge_home} -> #VALUE! | J86: {=badge_away} -> #VALUE! | K86: Liverpool | BF86: =IF(OR(G86="",H86=""),"Pendiente",IF(G86>H86,"Local",IF(G86<H86,"Visitante","Empate"))) -> Pendiente
... A91: 5 | B91: =Horarios!C91 -> 46351.875 | C91: =Horarios!C91 -> 46351.875 | D91: Sporting Portugal | E91: {=badge_home} -> #VALUE! | J91: {=badge_away} -> #VALUE! | K91: Manchester United | BF91: =IF(OR(G91="",H91=""),"Pendiente",IF(G91>H91,"Local",IF(G91<H91,"Visitante","Empate"))) -> Pendiente
A92: 6 | B92: =Horarios!C92 -> 46364.781 | C92: =Horarios!C92 -> 46364.781 | D92: Viking | E92: {=badge_home} -> #VALUE! | J92: {=badge_away} -> #VALUE! | K92: Feyenoord | L92: ^ | BF92: =IF(OR(G92="",H92=""),"Pendiente",IF(G92>H92,"Local",IF(G92<H92,"Visitante","Empate"))) -> Pendiente
A93: 6 | B93: =Horarios!C93 -> 46364.781 | C93: =Horarios!C93 -> 46364.781 | D93: Villarreal | E93: {=badge_home} -> #VALUE! | J93: {=badge_away} -> #VALUE! | K93: Sabah | BF93: =IF(OR(G93="",H93=""),"Pendiente",IF(G93>H93,"Local",IF(G93<H93,"Visitante","Empate"))) -> Pendiente
A94: 6 | B94: =Horarios!C94 -> 46364.875 | C94: =Horarios!C94 -> 46364.875 | D94: AEK | E94: {=badge_home} -> #VALUE! | J94: {=badge_away} -> #VALUE! | K94: Galatasaray | BF94: =IF(OR(G94="",H94=""),"Pendiente",IF(G94>H94,"Local",IF(G94<H94,"Visitante","Empate"))) -> Pendiente
A95: 6 | B95: =Horarios!C95 -> 46364.875 | C95: =Horarios!C95 -> 46364.875 | D95: Roma | E95: {=badge_home} -> #VALUE! | J95: {=badge_away} -> #VALUE! | K95: Sporting Portugal | BF95: =IF(OR(G95="",H95=""),"Pendiente",IF(G95>H95,"Local",IF(G95<H95,"Visitante","Empate"))) -> Pendiente
A96: 6 | B96: =Horarios!C96 -> 46364.875 | C96: =Horarios!C96 -> 46364.875 | D96: Aston Villa | E96: {=badge_home} -> #VALUE! | J96: {=badge_away} -> #VALUE! | K96: PSG | BF96: =IF(OR(G96="",H96=""),"Pendiente",IF(G96>H96,"Local",IF(G96<H96,"Visitante","Empate"))) -> Pendiente
A97: 6 | B97: =Horarios!C97 -> 46364.875 | C97: =Horarios!C97 -> 46364.875 | D97: Barcelona | E97: {=badge_home} -> #VALUE! | J97: {=badge_away} -> #VALUE! | K97: Manchester City | BF97: =IF(OR(G97="",H97=""),"Pendiente",IF(G97>H97,"Local",IF(G97<H97,"Visitante","Empate"))) -> Pendiente
A98: 6 | B98: =Horarios!C98 -> 46364.875 | C98: =Horarios!C98 -> 46364.875 | D98: Bayern München | E98: {=badge_home} -> #VALUE! | J98: {=badge_away} -> #VALUE! | K98: Slavia Praha | BF98: =IF(OR(G98="",H98=""),"Pendiente",IF(G98>H98,"Local",IF(G98<H98,"Visitante","Empate"))) -> Pendiente
A99: 6 | B99: =Horarios!C99 -> 46364.875 | C99: =Horarios!C99 -> 46364.875 | D99: Manchester United | E99: {=badge_home} -> #VALUE! | J99: {=badge_away} -> #VALUE! | K99: Leipzig | BF99: =IF(OR(G99="",H99=""),"Pendiente",IF(G99>H99,"Local",IF(G99<H99,"Visitante","Empate"))) -> Pendiente
A100: 6 | B100: =Horarios!C100 -> 46364.875 | C100: =Horarios!C100 -> 46364.875 | D100: Napoli | E100: {=badge_home} -> #VALUE! | J100: {=badge_away} -> #VALUE! | K100: Brugge | BF100: =IF(OR(G100="",H100=""),"Pendiente",IF(G100>H100,"Local",IF(G100<H100,"Visitante","Empate"))) -> Pendiente
A101: 6 | B101: =Horarios!C101 -> 46365.781 | C101: =Horarios!C101 -> 46365.781 | D101: Betis | E101: {=badge_home} -> #VALUE! | J101: {=badge_away} -> #VALUE! | K101: Como | BF101: =IF(OR(G101="",H101=""),"Pendiente",IF(G101>H101,"Local",IF(G101<H101,"Visitante","Empate"))) -> Pendiente
A102: 6 | B102: =Horarios!C102 -> 46365.781 | C102: =Horarios!C102 -> 46365.781 | D102: Slovan Bratislava | E102: {=badge_home} -> #VALUE! | J102: {=badge_away} -> #VALUE! | K102: Shakhtar Donetsk | BF102: =IF(OR(G102="",H102=""),"Pendiente",IF(G102>H102,"Local",IF(G102<H102,"Visitante","Empate"))) -> Pendiente
A103: 6 | B103: =Horarios!C103 -> 46365.875 | C103: =Horarios!C103 -> 46365.875 | D103: Arsenal | E103: {=badge_home} -> #VALUE! | J103: {=badge_away} -> #VALUE! | K103: Real Madrid | BF103: =IF(OR(G103="",H103=""),"Pendiente",IF(G103>H103,"Local",IF(G103<H103,"Visitante","Empate"))) -> Pendiente
A104: 6 | B104: =Horarios!C104 -> 46365.875 | C104: =Horarios!C104 -> 46365.875 | D104: Borussia Dortmund | E104: {=badge_home} -> #VALUE! | J104: {=badge_away} -> #VALUE! | K104: Inter Milan | BF104: =IF(OR(G104="",H104=""),"Pendiente",IF(G104>H104,"Local",IF(G104<H104,"Visitante","Empate"))) -> Pendiente
... A109: 6 | B109: =Horarios!C109 -> 46365.875 | C109: =Horarios!C109 -> 46365.875 | D109: Stuttgart | E109: {=badge_home} -> #VALUE! | J109: {=badge_away} -> #VALUE! | K109: Lille | BF109: =IF(OR(G109="",H109=""),"Pendiente",IF(G109>H109,"Local",IF(G109<H109,"Visitante","Empate"))) -> Pendiente
A110: 7 | B110: =Horarios!C110 -> 46406.781 | C110: =Horarios!C110 -> 46406.781 | D110: Bodø/Glimt | E110: {=badge_home} -> #VALUE! | J110: {=badge_away} -> #VALUE! | K110: Atlético Madrid | L110: ^ | BF110: =IF(OR(G110="",H110=""),"Pendiente",IF(G110>H110,"Local",IF(G110<H110,"Visitante","Empate"))) -> Pendiente
A111: 7 | B111: =Horarios!C111 -> 46406.781 | C111: =Horarios!C111 -> 46406.781 | D111: Galatasaray | E111: {=badge_home} -> #VALUE! | J111: {=badge_away} -> #VALUE! | K111: Feyenoord | BF111: =IF(OR(G111="",H111=""),"Pendiente",IF(G111>H111,"Local",IF(G111<H111,"Visitante","Empate"))) -> Pendiente
A112: 7 | B112: =Horarios!C112 -> 46406.875 | C112: =Horarios!C112 -> 46406.875 | D112: AEK | E112: {=badge_home} -> #VALUE! | J112: {=badge_away} -> #VALUE! | K112: Roma | BF112: =IF(OR(G112="",H112=""),"Pendiente",IF(G112>H112,"Local",IF(G112<H112,"Visitante","Empate"))) -> Pendiente
...

Sheet KO
F1: PO R16 | N1: R16 | V1: QF | AD1: SF | AL1: F
B2: User | F2: (16/17 & 23/24 Feb) | N2: (9/10 & 16/17 Mar) | V2: (6/7 & 13/14 Apr) | AD2: (27/28 Apr & 4/5 May) | AL2: (5 Jun)
B3: =+IF(B2="Real",Idiomas!D67,"") | G3: R1 | H3: R2 | I3: G | J3: (P)
C4: 21/22 | E4: {=badge_ko} | F4: 21/22 | I4: =IF(AND(G4="",H4=""),"",G4+H4) | O4: R1 | P4: R2 | Q4: G | R4: (P)
C5: 11/12 | E5: {=badge_ko} | F5: 11/12 | I5: =IF(AND(G5="",H5=""),"",G5+H5) | M5: {=badge_ko} | N5: =IF(OR(G4="",G5="",H4="",H5=""),F5&"/"&F4,IF(I4>I5,F4,IF(I4<I5,F5,IF(OR(J4="",J5="",J4=J5),F5&"/"&F4,IF(J4>J5,F4,F5))))) -> 11/12/21/22 | Q5: =IF(AND(O5="",P5=""),"",O5+P5)
L6: 5/6 | M6: {=badge_ko} | N6: 5/6 | Q6: =IF(AND(O6="",P6=""),"",O6+P6) | W6: R1 | X6: R2 | Y6: G | Z6: (P)
G7: R1 | H7: R2 | I7: G | J7: (P) | U7: {=badge_ko} | V7: =IF(OR(O5="",O6="",P5="",P6=""),"WR16-1",IF(Q5>Q6,N5,IF(Q5<Q6,N6,IF(OR(R5="",R6="",R5=R6),"WR16-1",IF(R5>R6,N5,N6))))) -> WR16-1 | Y7: =IF(AND(W7="",X7=""),"",W7+X7)
A8: 1 | B8: =IF($B$2="Real",Data!B8,IF(OR(SUM(Calcs!$B$2:$B$37)>=36,$C$1=288),League!P2,"Clas."&A8)) -> Clas.1 | C8: 19/20 | E8: {=badge_ko} | F8: 19/20 | I8: =IF(AND(G8="",H8=""),"",G8+H8) | O8: R1 | P8: R2 | Q8: G | R8: (P) | U8: {=badge_ko} | V8: =IF(OR(O9="",O10="",P9="",P10=""),"WR16-2",IF(Q9>Q10,N9,IF(Q9<Q10,N10,IF(OR(R9="",R10="",R9=R10),"WR16-2",IF(R9>R10,N9,N10))))) -> WR16-2 | Y8: =IF(AND(W8="",X8=""),"",W8+X8)
A9: 2 | B9: =IF($B$2="Real",Data!B9,IF(OR(SUM(Calcs!$B$2:$B$37)>=36,$C$1=288),League!P3,"Clas."&A9)) -> Clas.2 | C9: 13/14 | E9: {=badge_ko} | F9: 13/14 | I9: =IF(AND(G9="",H9=""),"",G9+H9) | M9: {=badge_ko} | N9: =IF(OR(G8="",G9="",H8="",H9=""),F9&"/"&F8,IF(I8>I9,F8,IF(I8<I9,F9,IF(OR(J8="",J9="",J8=J9),F9&"/"&F8,IF(J8>J9,F8,F9))))) -> 13/14/19/20 | Q9: =IF(AND(O9="",P9=""),"",O9+P9)
A10: 3 | B10: =IF($B$2="Real",Data!B10,IF(OR(SUM(Calcs!$B$2:$B$37)>=36,$C$1=288),League!P4,"Clas."&A10)) -> Clas.3 | L10: 3/4 | M10: {=badge_ko} | N10: 3/4 | Q10: =IF(AND(O10="",P10=""),"",O10+P10) | AE10: R1 | AF10: R2 | AG10: G | AH10: (P)
A11: 4 | B11: =IF($B$2="Real",Data!B11,IF(OR(SUM(Calcs!$B$2:$B$37)>=36,$C$1=288),League!P5,"Clas."&A11)) -> Clas.4 | G11: R1 | H11: R2 | I11: G | J11: (P) | AC11: {=badge_ko} | AD11: =IF(OR(W7="",W8="",X7="",X8=""),"WQF-1",IF(Y7>Y8,V7,IF(Y7<Y8,V8,IF(OR(Z7="",Z8="",Z7=Z8),"WQF-1",IF(Z7>Z8,V7,V8))))) -> WQF-1 | AG11: =IF(AND(AE11="",AF11=""),"",AE11+AF11)
A12: 5 | B12: =IF($B$2="Real",Data!B12,IF(OR(SUM(Calcs!$B$2:$B$37)>=36,$C$1=288),League!P6,"Clas."&A12)) -> Clas.5 | C12: 23/24 | E12: {=badge_ko} | F12: 23/24 | I12: =IF(AND(G12="",H12=""),"",G12+H12) | O12: R1 | P12: R2 | Q12: G | R12: (P) | AC12: {=badge_ko} | AD12: =IF(OR(W15="",W16="",X15="",X16=""),"WQF-2",IF(Y15>Y16,V15,IF(Y15<Y16,V16,IF(OR(Z15="",Z16="",Z15=Z16),"WQF-2",IF(Z15>Z16,V15,V16))))) -> WQF-2 | AG12: =IF(AND(AE12="",AF12=""),"",AE12+AF12)
A13: 6 | B13: =IF($B$2="Real",Data!B13,IF(OR(SUM(Calcs!$B$2:$B$37)>=36,$C$1=288),League!P7,"Clas."&A13)) -> Clas.6 | C13: 9/10 | E13: {=badge_ko} | F13: 9/10 | I13: =IF(AND(G13="",H13=""),"",G13+H13) | M13: {=badge_ko} | N13: =IF(OR(G12="",G13="",H12="",H13=""),F13&"/"&F12,IF(I12>I13,F12,IF(I12<I13,F13,IF(OR(J12="",J13="",J12=J13),F13&"/"&F12,IF(J12>J13,F12,F13))))) -> 9/10/23/24 | Q13: =IF(AND(O13="",P13=""),"",O13+P13)
A14: 7 | B14: =IF($B$2="Real",Data!B14,IF(OR(SUM(Calcs!$B$2:$B$37)>=36,$C$1=288),League!P8,"Clas."&A14)) -> Clas.7 | L14: 7/8 | M14: {=badge_ko} | N14: 7/8 | Q14: =IF(AND(O14="",P14=""),"",O14+P14) | W14: R1 | X14: R2 | Y14: G | Z14: (P)
A15: 8 | B15: =IF($B$2="Real",Data!B15,IF(OR(SUM(Calcs!$B$2:$B$37)>=36,$C$1=288),League!P9,"Clas."&A15)) -> Clas.8 | G15: R1 | H15: R2 | I15: G | J15: (P) | U15: {=badge_ko} | V15: =IF(OR(O13="",O14="",P13="",P14=""),"WR16-3",IF(Q13>Q14,N13,IF(Q13<Q14,N14,IF(OR(R13="",R14="",R13=R14),"WR16-3",IF(R13>R14,N13,N14))))) -> WR16-3 | Y15: =IF(AND(W15="",X15=""),"",W15+X15)
A16: 9 | B16: =IF($B$2="Real",Data!B16,IF(OR(SUM(Calcs!$B$2:$B$37)>=36,$C$1=288),League!P10,"Clas."&A16)) -> Clas.9 | C16: 17/18 | E16: {=badge_ko} | F16: 17/18 | I16: =IF(AND(G16="",H16=""),"",G16+H16) | O16: R1 | P16: R2 | Q16: G | R16: (P) | U16: {=badge_ko} | V16: =IF(OR(O17="",O18="",P17="",P18=""),"WR16-4",IF(Q17>Q18,N17,IF(Q17<Q18,N18,IF(OR(R17="",R18="",R17=R18),"WR16-4",IF(R17>R18,N17,N18))))) -> WR16-4 | Y16: =IF(AND(W16="",X16=""),"",W16+X16)
A17: 10 | B17: =IF($B$2="Real",Data!B17,IF(OR(SUM(Calcs!$B$2:$B$37)>=36,$C$1=288),League!P11,"Clas."&A17)) -> Clas.10 | C17: 15/16 | E17: {=badge_ko} | F17: 15/16 | I17: =IF(AND(G17="",H17=""),"",G17+H17) | M17: {=badge_ko} | N17: =IF(OR(G16="",G17="",H16="",H17=""),F17&"/"&F16,IF(I16>I17,F16,IF(I16<I17,F17,IF(OR(J16="",J17="",J16=J17),F17&"/"&F16,IF(J16>J17,F16,F17))))) -> 15/16/17/18 | Q17: =IF(AND(O17="",P17=""),"",O17+P17)
A18: 11 | B18: =IF($B$2="Real",Data!B18,IF(OR(SUM(Calcs!$B$2:$B$37)>=36,$C$1=288),League!P12,"Clas."&A18)) -> Clas.11 | L18: 1/2 | M18: {=badge_ko} | N18: 1/2 | Q18: =IF(AND(O18="",P18=""),"",O18+P18) | AL18: =IF(OR(AE11="",AE12="",AF11="",AF12=""),"WSF-1",IF(AG11>AG12,AD11,IF(AG11<AG12,AD12,IF(OR(AH11="",AH12="",AH11=AH12),"WSF-1",IF(AH11>AH12,AD11,AD12))))) -> WSF-1 | AM18: F | AN18: (P) | AP18: Winner
A19: 12 | B19: =IF($B$2="Real",Data!B19,IF(OR(SUM(Calcs!$B$2:$B$37)>=36,$C$1=288),League!P13,"Clas."&A19)) -> Clas.12 | G19: R1 | H19: R2 | I19: G | J19: (P) | AK19: {=badge_ko} | AL19: =IF(OR(AE11="",AE12="",AF11="",AF12=""),"WSF-1",IF(AG11>AG12,AD11,IF(AG11<AG12,AD12,IF(OR(AH11="",AH12="",AH11=AH12),"WSF-1",IF(AH11>AH12,AD11,AD12))))) -> WSF-1 | AP19: =IF(OR(AM19="",AM20=""),"WF",IF(AM19>AM20,AL19,IF(AM19<AM20,AL20,IF(OR(AN19="",AN20="",AN19=AN20),"WF",IF(AN19>AN20,AL19,AL20))))) -> WF
A20: 13 | B20: =IF($B$2="Real",Data!B20,IF(OR(SUM(Calcs!$B$2:$B$37)>=36,$C$1=288),League!P14,"Clas."&A20)) -> Clas.13 | C20: 22/21 | E20: {=badge_ko} | F20: 22/21 | I20: =IF(AND(G20="",H20=""),"",G20+H20) | O20: R1 | P20: R2 | Q20: G | R20: (P) | AK20: {=badge_ko} | AL20: =IF(OR(AE27="",AE28="",AF27="",AF28=""),"WSF-2",IF(AG27>AG28,AD27,IF(AG27<AG28,AD28,IF(OR(AH27="",AH28="",AH27=AH28),"WSF-2",IF(AH27>AH28,AD27,AD28))))) -> WSF-2
A21: 14 | B21: =IF($B$2="Real",Data!B21,IF(OR(SUM(Calcs!$B$2:$B$37)>=36,$C$1=288),League!P15,"Clas."&A21)) -> Clas.14 | C21: 12/11 | E21: {=badge_ko} | F21: 12/11 | I21: =IF(AND(G21="",H21=""),"",G21+H21) | M21: {=badge_ko} | N21: =IF(OR(G20="",G21="",H20="",H21=""),F21&"/"&F20,IF(I20>I21,F20,IF(I20<I21,F21,IF(OR(J20="",J21="",J20=J21),F21&"/"&F20,IF(J20>J21,F20,F21))))) -> 12/11/22/21 | Q21: =IF(AND(O21="",P21=""),"",O21+P21)
A22: 15 | B22: =IF($B$2="Real",Data!B22,IF(OR(SUM(Calcs!$B$2:$B$37)>=36,$C$1=288),League!P16,"Clas."&A22)) -> Clas.15 | L22: 6/5 | M22: {=badge_ko} | N22: 6/5 | Q22: =IF(AND(O22="",P22=""),"",O22+P22) | W22: R1 | X22: R2 | Y22: G | Z22: (P)
A23: 16 | B23: =IF($B$2="Real",Data!B23,IF(OR(SUM(Calcs!$B$2:$B$37)>=36,$C$1=288),League!P17,"Clas."&A23)) -> Clas.16 | G23: R1 | H23: R2 | I23: G | J23: (P) | U23: {=badge_ko} | V23: =IF(OR(O21="",O22="",P21="",P22=""),"WR16-5",IF(Q21>Q22,N21,IF(Q21<Q22,N22,IF(OR(R21="",R22="",R21=R22),"WR16-5",IF(R21>R22,N21,N22))))) -> WR16-5 | Y23: =IF(AND(W23="",X23=""),"",W23+X23)
A24: 17 | B24: =IF($B$2="Real",Data!B24,IF(OR(SUM(Calcs!$B$2:$B$37)>=36,$C$1=288),League!P18,"Clas."&A24)) -> Clas.17 | C24: 20/19 | E24: {=badge_ko} | F24: 20/19 | I24: =IF(AND(G24="",H24=""),"",G24+H24) | O24: R1 | P24: R2 | Q24: G | R24: (P) | U24: {=badge_ko} | V24: =IF(OR(O25="",O26="",P25="",P26=""),"WR16-6",IF(Q25>Q26,N25,IF(Q25<Q26,N26,IF(OR(R25="",R26="",R25=R26),"WR16-6",IF(R25>R26,N25,N26))))) -> WR16-6 | Y24: =IF(AND(W24="",X24=""),"",W24+X24)
A25: 18 | B25: =IF($B$2="Real",Data!B25,IF(OR(SUM(Calcs!$B$2:$B$37)>=36,$C$1=288),League!P19,"Clas."&A25)) -> Clas.18 | C25: 14/13 | E25: {=badge_ko} | F25: 14/13 | I25: =IF(AND(G25="",H25=""),"",G25+H25) | M25: {=badge_ko} | N25: =IF(OR(G24="",G25="",H24="",H25=""),F25&"/"&F24,IF(I24>I25,F24,IF(I24<I25,F25,IF(OR(J24="",J25="",J24=J25),F25&"/"&F24,IF(J24>J25,F24,F25))))) -> 14/13/20/19 | Q25: =IF(AND(O25="",P25=""),"",O25+P25)
A26: 19 | B26: =IF($B$2="Real",Data!B26,IF(OR(SUM(Calcs!$B$2:$B$37)>=36,$C$1=288),League!P20,"Clas."&A26)) -> Clas.19 | L26: 4/3 | M26: {=badge_ko} | N26: 4/3 | Q26: =IF(AND(O26="",P26=""),"",O26+P26) | AE26: R1 | AF26: R2 | AG26: G | AH26: (P)
A27: 20 | B27: =IF($B$2="Real",Data!B27,IF(OR(SUM(Calcs!$B$2:$B$37)>=36,$C$1=288),League!P21,"Clas."&A27)) -> Clas.20 | G27: R1 | H27: R2 | I27: G | J27: (P) | AC27: {=badge_ko} | AD27: =IF(OR(W23="",W24="",X23="",X24=""),"WQF-3",IF(Y23>Y24,V23,IF(Y23<Y24,V24,IF(OR(Z23="",Z24="",Z23=Z24),"WQF-3",IF(Z23>Z24,V23,V24))))) -> WQF-3 | AG27: =IF(AND(AE27="",AF27=""),"",AE27+AF27)
A28: 21 | B28: =IF($B$2="Real",Data!B28,IF(OR(SUM(Calcs!$B$2:$B$37)>=36,$C$1=288),League!P22,"Clas."&A28)) -> Clas.21 | C28: 24/23 | E28: {=badge_ko} | F28: 24/23 | I28: =IF(AND(G28="",H28=""),"",G28+H28) | O28: R1 | P28: R2 | Q28: G | R28: (P) | AC28: {=badge_ko} | AD28: =IF(OR(W31="",W32="",X31="",X32=""),"WQF-4",IF(Y31>Y32,V31,IF(Y31<Y32,V32,IF(OR(Z31="",Z32="",Z31=Z32),"WQF-4",IF(Z31>Z32,V31,V32))))) -> WQF-4 | AG28: =IF(AND(AE28="",AF28=""),"",AE28+AF28)
A29: 22 | B29: =IF($B$2="Real",Data!B29,IF(OR(SUM(Calcs!$B$2:$B$37)>=36,$C$1=288),League!P23,"Clas."&A29)) -> Clas.22 | C29: 10/9 | E29: {=badge_ko} | F29: 10/9 | I29: =IF(AND(G29="",H29=""),"",G29+H29) | M29: {=badge_ko} | N29: =IF(OR(G28="",G29="",H28="",H29=""),F29&"/"&F28,IF(I28>I29,F28,IF(I28<I29,F29,IF(OR(J28="",J29="",J28=J29),F29&"/"&F28,IF(J28>J29,F28,F29))))) -> 10/9/24/23 | Q29: =IF(AND(O29="",P29=""),"",O29+P29)
A30: 23 | B30: =IF($B$2="Real",Data!B30,IF(OR(SUM(Calcs!$B$2:$B$37)>=36,$C$1=288),League!P24,"Clas."&A30)) -> Clas.23 | L30: 8/7 | M30: {=badge_ko} | N30: 8/7 | Q30: =IF(AND(O30="",P30=""),"",O30+P30) | W30: R1 | X30: R2 | Y30: G | Z30: (P)
A31: 24 | B31: =IF($B$2="Real",Data!B31,IF(OR(SUM(Calcs!$B$2:$B$37)>=36,$C$1=288),League!P25,"Clas."&A31)) -> Clas.24 | G31: R1 | H31: R2 | I31: G | J31: (P) | U31: {=badge_ko} | V31: =IF(OR(O29="",O30="",P29="",P30=""),"WR16-7",IF(Q29>Q30,N29,IF(Q29<Q30,N30,IF(OR(R29="",R30="",R29=R30),"WR16-7",IF(R29>R30,N29,N30))))) -> WR16-7 | Y31: =IF(AND(W31="",X31=""),"",W31+X31)
C32: 18/17 | E32: {=badge_ko} | F32: 18/17 | I32: =IF(AND(G32="",H32=""),"",G32+H32) | O32: R1 | P32: R2 | Q32: G | R32: (P) | U32: {=badge_ko} | V32: =IF(OR(O33="",O34="",P33="",P34=""),"WR16-8",IF(Q33>Q34,N33,IF(Q33<Q34,N34,IF(OR(R33="",R34="",R33=R34),"WR16-8",IF(R33>R34,N33,N34))))) -> WR16-8 | Y32: =IF(AND(W32="",X32=""),"",W32+X32)
C33: 16/15 | E33: {=badge_ko} | F33: 16/15 | I33: =IF(AND(G33="",H33=""),"",G33+H33) | M33: {=badge_ko} | N33: =IF(OR(G32="",G33="",H32="",H33=""),F33&"/"&F32,IF(I32>I33,F32,IF(I32<I33,F33,IF(OR(J32="",J33="",J32=J33),F33&"/"&F32,IF(J32>J33,F32,F33))))) -> 16/15/18/17 | Q33: =IF(AND(O33="",P33=""),"",O33+P33)
L34: 2/1 | M34: {=badge_ko} | N34: 2/1 | Q34: =IF(AND(O34="",P34=""),"",O34+P34)

Sheet Pool Predictor
B1: =+Idiomas!D76 -> Para el administrador de la porra
B3: =+Idiomas!D79 -> ¡No tocar nada, se rellena solo!
C5: =IF(ISBLANK(Home!C13),"",Home!C13) -> Nombre
B6: =Predictor!B2 -> Campeón | C6: =IF(ISBLANK(Predictor!C2),"",IFERROR(IFERROR(INDEX(Idiomas!$D$313:$D$348,MATCH(Predictor!C2,Idiomas!$G$313:$G$348,0)),INDEX(Idiomas!$D$313:$D$348,MATCH(Predictor!C2,Idiomas!$H$313:$H$348,0))),"")) | E6: =+Idiomas!D92 -> ·Copiar de la C6 a la C41 y pegarlo en el administrador donde el Predictor
B7: =Predictor!B3 -> Final | C7: =IF(ISBLANK(Predictor!C3),"",IFERROR(IFERROR(INDEX(Idiomas!$D$313:$D$348,MATCH(Predictor!C3,Idiomas!$G$313:$G$348,0)),INDEX(Idiomas!$D$313:$D$348,MATCH(Predictor!C3,Idiomas!$H$313:$H$348,0))),""))
B8: =Predictor!B4 -> Semifinales | C8: =IF(ISBLANK(Predictor!C4),"",IFERROR(IFERROR(INDEX(Idiomas!$D$313:$D$348,MATCH(Predictor!C4,Idiomas!$G$313:$G$348,0)),INDEX(Idiomas!$D$313:$D$348,MATCH(Predictor!C4,Idiomas!$H$313:$H$348,0))),""))
B9: =Predictor!B5 -> Semifinales | C9: =IF(ISBLANK(Predictor!C5),"",IFERROR(IFERROR(INDEX(Idiomas!$D$313:$D$348,MATCH(Predictor!C5,Idiomas!$G$313:$G$348,0)),INDEX(Idiomas!$D$313:$D$348,MATCH(Predictor!C5,Idiomas!$H$313:$H$348,0))),""))
B10: =Predictor!B6 -> Cuartos de final | C10: =IF(ISBLANK(Predictor!C6),"",IFERROR(IFERROR(INDEX(Idiomas!$D$313:$D$348,MATCH(Predictor!C6,Idiomas!$G$313:$G$348,0)),INDEX(Idiomas!$D$313:$D$348,MATCH(Predictor!C6,Idiomas!$H$313:$H$348,0))),""))
B11: =Predictor!B7 -> Cuartos de final | C11: =IF(ISBLANK(Predictor!C7),"",IFERROR(IFERROR(INDEX(Idiomas!$D$313:$D$348,MATCH(Predictor!C7,Idiomas!$G$313:$G$348,0)),INDEX(Idiomas!$D$313:$D$348,MATCH(Predictor!C7,Idiomas!$H$313:$H$348,0))),""))
B12: =Predictor!B8 -> Cuartos de final | C12: =IF(ISBLANK(Predictor!C8),"",IFERROR(IFERROR(INDEX(Idiomas!$D$313:$D$348,MATCH(Predictor!C8,Idiomas!$G$313:$G$348,0)),INDEX(Idiomas!$D$313:$D$348,MATCH(Predictor!C8,Idiomas!$H$313:$H$348,0))),""))
B13: =Predictor!B9 -> Cuartos de final | C13: =IF(ISBLANK(Predictor!C9),"",IFERROR(IFERROR(INDEX(Idiomas!$D$313:$D$348,MATCH(Predictor!C9,Idiomas!$G$313:$G$348,0)),INDEX(Idiomas!$D$313:$D$348,MATCH(Predictor!C9,Idiomas!$H$313:$H$348,0))),""))
B14: =Predictor!B10 -> Octavos de final | C14: =IF(ISBLANK(Predictor!C10),"",IFERROR(IFERROR(INDEX(Idiomas!$D$313:$D$348,MATCH(Predictor!C10,Idiomas!$G$313:$G$348,0)),INDEX(Idiomas!$D$313:$D$348,MATCH(Predictor!C10,Idiomas!$H$313:$H$348,0))),""))
B15: =Predictor!B11 -> Octavos de final | C15: =IF(ISBLANK(Predictor!C11),"",IFERROR(IFERROR(INDEX(Idiomas!$D$313:$D$348,MATCH(Predictor!C11,Idiomas!$G$313:$G$348,0)),INDEX(Idiomas!$D$313:$D$348,MATCH(Predictor!C11,Idiomas!$H$313:$H$348,0))),""))
B16: =Predictor!B12 -> Octavos de final | C16: =IF(ISBLANK(Predictor!C12),"",IFERROR(IFERROR(INDEX(Idiomas!$D$313:$D$348,MATCH(Predictor!C12,Idiomas!$G$313:$G$348,0)),INDEX(Idiomas!$D$313:$D$348,MATCH(Predictor!C12,Idiomas!$H$313:$H$348,0))),""))
B17: =Predictor!B13 -> Octavos de final | C17: =IF(ISBLANK(Predictor!C13),"",IFERROR(IFERROR(INDEX(Idiomas!$D$313:$D$348,MATCH(Predictor!C13,Idiomas!$G$313:$G$348,0)),INDEX(Idiomas!$D$313:$D$348,MATCH(Predictor!C13,Idiomas!$H$313:$H$348,0))),""))
B18: =Predictor!B14 -> Octavos de final | C18: =IF(ISBLANK(Predictor!C14),"",IFERROR(IFERROR(INDEX(Idiomas!$D$313:$D$348,MATCH(Predictor!C14,Idiomas!$G$313:$G$348,0)),INDEX(Idiomas!$D$313:$D$348,MATCH(Predictor!C14,Idiomas!$H$313:$H$348,0))),""))
... B41: =Predictor!B37 -> Fase de Liga | C41: =IF(ISBLANK(Predictor!C37),"",IFERROR(IFERROR(INDEX(Idiomas!$D$313:$D$348,MATCH(Predictor!C37,Idiomas!$G$313:$G$348,0)),INDEX(Idiomas!$D$313:$D$348,MATCH(Predictor!C37,Idiomas!$H$313:$H$348,0))),""))

Sheet Pool League
B1: =+Idiomas!D76 -> Para el administrador de la porra
B3: =+Idiomas!D79 -> ¡No tocar nada, se rellena solo!
E5: =+Idiomas!D82 -> ·Si haceis toda la fase de grupos de golpe, en vez de jornada a jornada selecciona de la C7 a la C217 y pega valores en la plantilla de Administrador
B6: =+Idiomas!D109 -> FASE DE LIGA | C6: =IF(ISBLANK(Home!C13),"",Home!C13) -> Nombre
A7: 1 | B7: =CONCATENATE(League!D2,"-",League!K2) -> AEK-LASK | C7: =CONCATENATE(IF(League!G2>League!H2,1,IF(League!G2<League!H2,2,IF(AND(League!G2=League!H2,League!G2<>"",League!H2<>""),"X",0))),"|",League!G2,"-",League!H2) -> 0|- | D7: =+Idiomas!D101 -> J1 | E7: =+Idiomas!D84 -> ·Si haceis jornada a jornada, para la primera jornada selecciona de la C6 a la C24 y pega valores en la plantilla de administrador
A8: 1 | B8: =CONCATENATE(League!D3,"-",League!K3) -> Brugge-Aston Villa | C8: =CONCATENATE(IF(League!G3>League!H3,1,IF(League!G3<League!H3,2,IF(AND(League!G3=League!H3,League!G3<>"",League!H3<>""),"X",0))),"|",League!G3,"-",League!H3) -> 0|-
A9: 1 | B9: =CONCATENATE(League!D4,"-",League!K4) -> Borussia Dortmund-Villarreal | C9: =CONCATENATE(IF(League!G4>League!H4,1,IF(League!G4<League!H4,2,IF(AND(League!G4=League!H4,League!G4<>"",League!H4<>""),"X",0))),"|",League!G4,"-",League!H4) -> 0|-
A10: 1 | B10: =CONCATENATE(League!D5,"-",League!K5) -> Porto-Manchester City | C10: =CONCATENATE(IF(League!G5>League!H5,1,IF(League!G5<League!H5,2,IF(AND(League!G5=League!H5,League!G5<>"",League!H5<>""),"X",0))),"|",League!G5,"-",League!H5) -> 0|-
A11: 1 | B11: =CONCATENATE(League!D6,"-",League!K6) -> Lille-Betis | C11: =CONCATENATE(IF(League!G6>League!H6,1,IF(League!G6<League!H6,2,IF(AND(League!G6=League!H6,League!G6<>"",League!H6<>""),"X",0))),"|",League!G6,"-",League!H6) -> 0|-
A12: 1 | B12: =CONCATENATE(League!D7,"-",League!K7) -> Real Madrid-Inter Milan | C12: =CONCATENATE(IF(League!G7>League!H7,1,IF(League!G7<League!H7,2,IF(AND(League!G7=League!H7,League!G7<>"",League!H7<>""),"X",0))),"|",League!G7,"-",League!H7) -> 0|-
A13: 1 | B13: =CONCATENATE(League!D8,"-",League!K8) -> Barcelona-Feyenoord | C13: =CONCATENATE(IF(League!G8>League!H8,1,IF(League!G8<League!H8,2,IF(AND(League!G8=League!H8,League!G8<>"",League!H8<>""),"X",0))),"|",League!G8,"-",League!H8) -> 0|-
A14: 1 | B14: =CONCATENATE(League!D9,"-",League!K9) -> Stuttgart-Viking | C14: =CONCATENATE(IF(League!G9>League!H9,1,IF(League!G9<League!H9,2,IF(AND(League!G9=League!H9,League!G9<>"",League!H9<>""),"X",0))),"|",League!G9,"-",League!H9) -> 0|-
A15: 1 | B15: =CONCATENATE(League!D10,"-",League!K10) -> Liverpool-Atlético Madrid | C15: =CONCATENATE(IF(League!G10>League!H10,1,IF(League!G10<League!H10,2,IF(AND(League!G10=League!H10,League!G10<>"",League!H10<>""),"X",0))),"|",League!G10,"-",League!H10) -> 0|-
A16: 1 | B16: =CONCATENATE(League!D11,"-",League!K11) -> PSG-Slovan Bratislava | C16: =CONCATENATE(IF(League!G11>League!H11,1,IF(League!G11<League!H11,2,IF(AND(League!G11=League!H11,League!G11<>"",League!H11<>""),"X",0))),"|",League!G11,"-",League!H11) -> 0|-
A17: 1 | B17: =CONCATENATE(League!D12,"-",League!K12) -> Sporting Portugal-Galatasaray | C17: =CONCATENATE(IF(League!G12>League!H12,1,IF(League!G12<League!H12,2,IF(AND(League!G12=League!H12,League!G12<>"",League!H12<>""),"X",0))),"|",League!G12,"-",League!H12) -> 0|-
A18: 1 | B18: =CONCATENATE(League!D13,"-",League!K13) -> Napoli-Arsenal | C18: =CONCATENATE(IF(League!G13>League!H13,1,IF(League!G13<League!H13,2,IF(AND(League!G13=League!H13,League!G13<>"",League!H13<>""),"X",0))),"|",League!G13,"-",League!H13) -> 0|-
A19: 1 | B19: =CONCATENATE(League!D14,"-",League!K14) -> Fenerbahçe -Roma | C19: =CONCATENATE(IF(League!G14>League!H14,1,IF(League!G14<League!H14,2,IF(AND(League!G14=League!H14,League!G14<>"",League!H14<>""),"X",0))),"|",League!G14,"-",League!H14) -> 0|-
... A24: 1 | B24: =CONCATENATE(League!D19,"-",League!K19) -> Slavia Praha-Lens | C24: =CONCATENATE(IF(League!G19>League!H19,1,IF(League!G19<League!H19,2,IF(AND(League!G19=League!H19,League!G19<>"",League!H19<>""),"X",0))),"|",League!G19,"-",League!H19) -> 0|-
A25: 2 | B25: =CONCATENATE(League!D20,"-",League!K20) -> Lens-Sporting Portugal | C25: =CONCATENATE(IF(League!G20>League!H20,1,IF(League!G20<League!H20,2,IF(AND(League!G20=League!H20,League!G20<>"",League!H20<>""),"X",0))),"|",League!G20,"-",League!H20) -> 0|- | D25: =+Idiomas!D102 -> J2 | E25: =+Idiomas!D85 -> ·Para la 2ª jornada selecciona de la C25 a la C42 y pega valores en la plantilla de administrador
A26: 2 | B26: =CONCATENATE(League!D21,"-",League!K21) -> Sabah-Slavia Praha | C26: =CONCATENATE(IF(League!G21>League!H21,1,IF(League!G21<League!H21,2,IF(AND(League!G21=League!H21,League!G21<>"",League!H21<>""),"X",0))),"|",League!G21,"-",League!H21) -> 0|-
A27: 2 | B27: =CONCATENATE(League!D22,"-",League!K22) -> Arsenal-Lille | C27: =CONCATENATE(IF(League!G22>League!H22,1,IF(League!G22<League!H22,2,IF(AND(League!G22=League!H22,League!G22<>"",League!H22<>""),"X",0))),"|",League!G22,"-",League!H22) -> 0|-
A28: 2 | B28: =CONCATENATE(League!D23,"-",League!K23) -> Atlético Madrid-Manchester United | C28: =CONCATENATE(IF(League!G23>League!H23,1,IF(League!G23<League!H23,2,IF(AND(League!G23=League!H23,League!G23<>"",League!H23<>""),"X",0))),"|",League!G23,"-",League!H23) -> 0|-
A29: 2 | B29: =CONCATENATE(League!D24,"-",League!K24) -> Inter Milan-Brugge | C29: =CONCATENATE(IF(League!G24>League!H24,1,IF(League!G24<League!H24,2,IF(AND(League!G24=League!H24,League!G24<>"",League!H24<>""),"X",0))),"|",League!G24,"-",League!H24) -> 0|-
A30: 2 | B30: =CONCATENATE(League!D25,"-",League!K25) -> Galatasaray-Barcelona | C30: =CONCATENATE(IF(League!G25>League!H25,1,IF(League!G25<League!H25,2,IF(AND(League!G25=League!H25,League!G25<>"",League!H25<>""),"X",0))),"|",League!G25,"-",League!H25) -> 0|-
A31: 2 | B31: =CONCATENATE(League!D26,"-",League!K26) -> Leipzig-PSV Eindhoven | C31: =CONCATENATE(IF(League!G26>League!H26,1,IF(League!G26<League!H26,2,IF(AND(League!G26=League!H26,League!G26<>"",League!H26<>""),"X",0))),"|",League!G26,"-",League!H26) -> 0|-
A32: 2 | B32: =CONCATENATE(League!D27,"-",League!K27) -> Viking-Bayern München | C32: =CONCATENATE(IF(League!G27>League!H27,1,IF(League!G27<League!H27,2,IF(AND(League!G27=League!H27,League!G27<>"",League!H27<>""),"X",0))),"|",League!G27,"-",League!H27) -> 0|-
A33: 2 | B33: =CONCATENATE(League!D28,"-",League!K28) -> Villarreal-Napoli | C33: =CONCATENATE(IF(League!G28>League!H28,1,IF(League!G28<League!H28,2,IF(AND(League!G28=League!H28,League!G28<>"",League!H28<>""),"X",0))),"|",League!G28,"-",League!H28) -> 0|-
A34: 2 | B34: =CONCATENATE(League!D29,"-",League!K29) -> Feyenoord-Como | C34: =CONCATENATE(IF(League!G29>League!H29,1,IF(League!G29<League!H29,2,IF(AND(League!G29=League!H29,League!G29<>"",League!H29<>""),"X",0))),"|",League!G29,"-",League!H29) -> 0|-
A35: 2 | B35: =CONCATENATE(League!D30,"-",League!K30) -> LASK-Liverpool | C35: =CONCATENATE(IF(League!G30>League!H30,1,IF(League!G30<League!H30,2,IF(AND(League!G30=League!H30,League!G30<>"",League!H30<>""),"X",0))),"|",League!G30,"-",League!H30) -> 0|-
A36: 2 | B36: =CONCATENATE(League!D31,"-",League!K31) -> Roma-Real Madrid | C36: =CONCATENATE(IF(League!G31>League!H31,1,IF(League!G31<League!H31,2,IF(AND(League!G31=League!H31,League!G31<>"",League!H31<>""),"X",0))),"|",League!G31,"-",League!H31) -> 0|-
A37: 2 | B37: =CONCATENATE(League!D32,"-",League!K32) -> Aston Villa-Fenerbahçe | C37: =CONCATENATE(IF(League!G32>League!H32,1,IF(League!G32<League!H32,2,IF(AND(League!G32=League!H32,League!G32<>"",League!H32<>""),"X",0))),"|",League!G32,"-",League!H32) -> 0|-
... A42: 2 | B42: =CONCATENATE(League!D37,"-",League!K37) -> Slovan Bratislava -Stuttgart | C42: =CONCATENATE(IF(League!G37>League!H37,1,IF(League!G37<League!H37,2,IF(AND(League!G37=League!H37,League!G37<>"",League!H37<>""),"X",0))),"|",League!G37,"-",League!H37) -> 0|-
A43: 3 | B43: =CONCATENATE(League!D38,"-",League!K38) -> Fenerbahçe -Slavia Praha | C43: =CONCATENATE(IF(League!G38>League!H38,1,IF(League!G38<League!H38,2,IF(AND(League!G38=League!H38,League!G38<>"",League!H38<>""),"X",0))),"|",League!G38,"-",League!H38) -> 0|- | D43: =+Idiomas!D103 -> J3 | E43: =+Idiomas!D86 -> ·Para la 3ª jornada selecciona de la C43 a la C60 y pega valores en la plantilla de administrador
A44: 3 | B44: =CONCATENATE(League!D39,"-",League!K39) -> Sabah-Borussia Dortmund | C44: =CONCATENATE(IF(League!G39>League!H39,1,IF(League!G39<League!H39,2,IF(AND(League!G39=League!H39,League!G39<>"",League!H39<>""),"X",0))),"|",League!G39,"-",League!H39) -> 0|-
A45: 3 | B45: =CONCATENATE(League!D40,"-",League!K40) -> Roma-Slovan Bratislava | C45: =CONCATENATE(IF(League!G40>League!H40,1,IF(League!G40<League!H40,2,IF(AND(League!G40=League!H40,League!G40<>"",League!H40<>""),"X",0))),"|",League!G40,"-",League!H40) -> 0|-
A46: 3 | B46: =CONCATENATE(League!D41,"-",League!K41) -> Porto-PSV Eindhoven | C46: =CONCATENATE(IF(League!G41>League!H41,1,IF(League!G41<League!H41,2,IF(AND(League!G41=League!H41,League!G41<>"",League!H41<>""),"X",0))),"|",League!G41,"-",League!H41) -> 0|-
A47: 3 | B47: =CONCATENATE(League!D42,"-",League!K42) -> Liverpool-Villarreal | C47: =CONCATENATE(IF(League!G42>League!H42,1,IF(League!G42<League!H42,2,IF(AND(League!G42=League!H42,League!G42<>"",League!H42<>""),"X",0))),"|",League!G42,"-",League!H42) -> 0|-
A48: 3 | B48: =CONCATENATE(League!D43,"-",League!K43) -> Manchester City-AEK | C48: =CONCATENATE(IF(League!G43>League!H43,1,IF(League!G43<League!H43,2,IF(AND(League!G43=League!H43,League!G43<>"",League!H43<>""),"X",0))),"|",League!G43,"-",League!H43) -> 0|-
A49: 3 | B49: =CONCATENATE(League!D44,"-",League!K44) -> PSG-Barcelona | C49: =CONCATENATE(IF(League!G44>League!H44,1,IF(League!G44<League!H44,2,IF(AND(League!G44=League!H44,League!G44<>"",League!H44<>""),"X",0))),"|",League!G44,"-",League!H44) -> 0|-
A50: 3 | B50: =CONCATENATE(League!D45,"-",League!K45) -> Napoli-Bodø/Glimt | C50: =CONCATENATE(IF(League!G45>League!H45,1,IF(League!G45<League!H45,2,IF(AND(League!G45=League!H45,League!G45<>"",League!H45<>""),"X",0))),"|",League!G45,"-",League!H45) -> 0|-
A51: 3 | B51: =CONCATENATE(League!D46,"-",League!K46) -> Stuttgart-Atlético Madrid | C51: =CONCATENATE(IF(League!G46>League!H46,1,IF(League!G46<League!H46,2,IF(AND(League!G46=League!H46,League!G46<>"",League!H46<>""),"X",0))),"|",League!G46,"-",League!H46) -> 0|-
A52: 3 | B52: =CONCATENATE(League!D47,"-",League!K47) -> Como-Manchester United | C52: =CONCATENATE(IF(League!G47>League!H47,1,IF(League!G47<League!H47,2,IF(AND(League!G47=League!H47,League!G47<>"",League!H47<>""),"X",0))),"|",League!G47,"-",League!H47) -> 0|-
A53: 3 | B53: =CONCATENATE(League!D48,"-",League!K48) -> Lille-Galatasaray | C53: =CONCATENATE(IF(League!G48>League!H48,1,IF(League!G48<League!H48,2,IF(AND(League!G48=League!H48,League!G48<>"",League!H48<>""),"X",0))),"|",League!G48,"-",League!H48) -> 0|-
A54: 3 | B54: =CONCATENATE(League!D49,"-",League!K49) -> Aston Villa-Viking | C54: =CONCATENATE(IF(League!G49>League!H49,1,IF(League!G49<League!H49,2,IF(AND(League!G49=League!H49,League!G49<>"",League!H49<>""),"X",0))),"|",League!G49,"-",League!H49) -> 0|-
A55: 3 | B55: =CONCATENATE(League!D50,"-",League!K50) -> Brugge-Lens | C55: =CONCATENATE(IF(League!G50>League!H50,1,IF(League!G50<League!H50,2,IF(AND(League!G50=League!H50,League!G50<>"",League!H50<>""),"X",0))),"|",League!G50,"-",League!H50) -> 0|-
... A60: 3 | B60: =CONCATENATE(League!D55,"-",League!K55) -> Sporting Portugal-LASK | C60: =CONCATENATE(IF(League!G55>League!H55,1,IF(League!G55<League!H55,2,IF(AND(League!G55=League!H55,League!G55<>"",League!H55<>""),"X",0))),"|",League!G55,"-",League!H55) -> 0|-
A61: 4 | B61: =CONCATENATE(League!D56,"-",League!K56) -> Shakhtar Donetsk-Sporting Portugal | C61: =CONCATENATE(IF(League!G56>League!H56,1,IF(League!G56<League!H56,2,IF(AND(League!G56=League!H56,League!G56<>"",League!H56<>""),"X",0))),"|",League!G56,"-",League!H56) -> 0|- | D61: =+Idiomas!D104 -> J4 | E61: =+Idiomas!D87 -> ·Para la 4ª jornada selecciona de la C61 a la C78 y pega valores en la plantilla de administrador
A62: 4 | B62: =CONCATENATE(League!D57,"-",League!K57) -> Galatasaray-Stuttgart | C62: =CONCATENATE(IF(League!G57>League!H57,1,IF(League!G57<League!H57,2,IF(AND(League!G57=League!H57,League!G57<>"",League!H57<>""),"X",0))),"|",League!G57,"-",League!H57) -> 0|-
A63: 4 | B63: =CONCATENATE(League!D58,"-",League!K58) -> Atlético Madrid-Bayern München | C63: =CONCATENATE(IF(League!G58>League!H58,1,IF(League!G58<League!H58,2,IF(AND(League!G58=League!H58,League!G58<>"",League!H58<>""),"X",0))),"|",League!G58,"-",League!H58) -> 0|-
A64: 4 | B64: =CONCATENATE(League!D59,"-",League!K59) -> Barcelona-Aston Villa | C64: =CONCATENATE(IF(League!G59>League!H59,1,IF(League!G59<League!H59,2,IF(AND(League!G59=League!H59,League!G59<>"",League!H59<>""),"X",0))),"|",League!G59,"-",League!H59) -> 0|-
A65: 4 | B65: =CONCATENATE(League!D60,"-",League!K60) -> Feyenoord-Inter Milan | C65: =CONCATENATE(IF(League!G60>League!H60,1,IF(League!G60<League!H60,2,IF(AND(League!G60=League!H60,League!G60<>"",League!H60<>""),"X",0))),"|",League!G60,"-",League!H60) -> 0|-
A66: 4 | B66: =CONCATENATE(League!D61,"-",League!K61) -> Bodø/Glimt-Lille | C66: =CONCATENATE(IF(League!G61>League!H61,1,IF(League!G61<League!H61,2,IF(AND(League!G61=League!H61,League!G61<>"",League!H61<>""),"X",0))),"|",League!G61,"-",League!H61) -> 0|-
A67: 4 | B67: =CONCATENATE(League!D62,"-",League!K62) -> LASK-Slovan Bratislava | C67: =CONCATENATE(IF(League!G62>League!H62,1,IF(League!G62<League!H62,2,IF(AND(League!G62=League!H62,League!G62<>"",League!H62<>""),"X",0))),"|",League!G62,"-",League!H62) -> 0|-
A68: 4 | B68: =CONCATENATE(League!D63,"-",League!K63) -> Manchester United-Roma | C68: =CONCATENATE(IF(League!G63>League!H63,1,IF(League!G63<League!H63,2,IF(AND(League!G63=League!H63,League!G63<>"",League!H63<>""),"X",0))),"|",League!G63,"-",League!H63) -> 0|-
A69: 4 | B69: =CONCATENATE(League!D64,"-",League!K64) -> Villarreal-PSG | C69: =CONCATENATE(IF(League!G64>League!H64,1,IF(League!G64<League!H64,2,IF(AND(League!G64=League!H64,League!G64<>"",League!H64<>""),"X",0))),"|",League!G64,"-",League!H64) -> 0|-
A70: 4 | B70: =CONCATENATE(League!D65,"-",League!K65) -> AEK-Real Madrid | C70: =CONCATENATE(IF(League!G65>League!H65,1,IF(League!G65<League!H65,2,IF(AND(League!G65=League!H65,League!G65<>"",League!H65<>""),"X",0))),"|",League!G65,"-",League!H65) -> 0|-
A71: 4 | B71: =CONCATENATE(League!D66,"-",League!K66) -> Fenerbahçe -Liverpool | C71: =CONCATENATE(IF(League!G66>League!H66,1,IF(League!G66<League!H66,2,IF(AND(League!G66=League!H66,League!G66<>"",League!H66<>""),"X",0))),"|",League!G66,"-",League!H66) -> 0|-
A72: 4 | B72: =CONCATENATE(League!D67,"-",League!K67) -> Borussia Dortmund-Betis | C72: =CONCATENATE(IF(League!G67>League!H67,1,IF(League!G67<League!H67,2,IF(AND(League!G67=League!H67,League!G67<>"",League!H67<>""),"X",0))),"|",League!G67,"-",League!H67) -> 0|-
A73: 4 | B73: =CONCATENATE(League!D68,"-",League!K68) -> Porto-Napoli | C73: =CONCATENATE(IF(League!G68>League!H68,1,IF(League!G68<League!H68,2,IF(AND(League!G68=League!H68,League!G68<>"",League!H68<>""),"X",0))),"|",League!G68,"-",League!H68) -> 0|-
... A78: 4 | B78: =CONCATENATE(League!D73,"-",League!K73) -> Viking-Sabah | C78: =CONCATENATE(IF(League!G73>League!H73,1,IF(League!G73<League!H73,2,IF(AND(League!G73=League!H73,League!G73<>"",League!H73<>""),"X",0))),"|",League!G73,"-",League!H73) -> 0|-
A79: 5 | B79: =CONCATENATE(League!D74,"-",League!K74) -> Bodø/Glimt-LASK | C79: =CONCATENATE(IF(League!G74>League!H74,1,IF(League!G74<League!H74,2,IF(AND(League!G74=League!H74,League!G74<>"",League!H74<>""),"X",0))),"|",League!G74,"-",League!H74) -> 0|- | D79: =+Idiomas!D105 -> J5 | E79: =+Idiomas!D88 -> ·Para la 5ª jornada selecciona de la C79 a la C96 y pega valores en la plantilla de administrador
A80: 5 | B80: =CONCATENATE(League!D75,"-",League!K75) -> Galatasaray-Aston Villa | C80: =CONCATENATE(IF(League!G75>League!H75,1,IF(League!G75<League!H75,2,IF(AND(League!G75=League!H75,League!G75<>"",League!H75<>""),"X",0))),"|",League!G75,"-",League!H75) -> 0|-
A81: 5 | B81: =CONCATENATE(League!D76,"-",League!K76) -> Arsenal-Borussia Dortmund | C81: =CONCATENATE(IF(League!G76>League!H76,1,IF(League!G76<League!H76,2,IF(AND(League!G76=League!H76,League!G76<>"",League!H76<>""),"X",0))),"|",League!G76,"-",League!H76) -> 0|-
A82: 5 | B82: =CONCATENATE(League!D77,"-",League!K77) -> Como-AEK | C82: =CONCATENATE(IF(League!G77>League!H77,1,IF(League!G77<League!H77,2,IF(AND(League!G77=League!H77,League!G77<>"",League!H77<>""),"X",0))),"|",League!G77,"-",League!H77) -> 0|-
A83: 5 | B83: =CONCATENATE(League!D78,"-",League!K78) -> Feyenoord-Porto | C83: =CONCATENATE(IF(League!G78>League!H78,1,IF(League!G78<League!H78,2,IF(AND(League!G78=League!H78,League!G78<>"",League!H78<>""),"X",0))),"|",League!G78,"-",League!H78) -> 0|-
A84: 5 | B84: =CONCATENATE(League!D79,"-",League!K79) -> Manchester City-Napoli | C84: =CONCATENATE(IF(League!G79>League!H79,1,IF(League!G79<League!H79,2,IF(AND(League!G79=League!H79,League!G79<>"",League!H79<>""),"X",0))),"|",League!G79,"-",League!H79) -> 0|-
A85: 5 | B85: =CONCATENATE(League!D80,"-",League!K80) -> Leipzig-Lens | C85: =CONCATENATE(IF(League!G80>League!H80,1,IF(League!G80<League!H80,2,IF(AND(League!G80=League!H80,League!G80<>"",League!H80<>""),"X",0))),"|",League!G80,"-",League!H80) -> 0|-
A86: 5 | B86: =CONCATENATE(League!D81,"-",League!K81) -> Real Madrid-PSV Eindhoven | C86: =CONCATENATE(IF(League!G81>League!H81,1,IF(League!G81<League!H81,2,IF(AND(League!G81=League!H81,League!G81<>"",League!H81<>""),"X",0))),"|",League!G81,"-",League!H81) -> 0|-
A87: 5 | B87: =CONCATENATE(League!D82,"-",League!K82) -> Slovan Bratislava -Betis | C87: =CONCATENATE(IF(League!G82>League!H82,1,IF(League!G82<League!H82,2,IF(AND(League!G82=League!H82,League!G82<>"",League!H82<>""),"X",0))),"|",League!G82,"-",League!H82) -> 0|-
A88: 5 | B88: =CONCATENATE(League!D83,"-",League!K83) -> Sabah-Barcelona | C88: =CONCATENATE(IF(League!G83>League!H83,1,IF(League!G83<League!H83,2,IF(AND(League!G83=League!H83,League!G83<>"",League!H83<>""),"X",0))),"|",League!G83,"-",League!H83) -> 0|-
A89: 5 | B89: =CONCATENATE(League!D84,"-",League!K84) -> Slavia Praha-Villarreal | C89: =CONCATENATE(IF(League!G84>League!H84,1,IF(League!G84<League!H84,2,IF(AND(League!G84=League!H84,League!G84<>"",League!H84<>""),"X",0))),"|",League!G84,"-",League!H84) -> 0|-
A90: 5 | B90: =CONCATENATE(League!D85,"-",League!K85) -> Atlético Madrid-Viking | C90: =CONCATENATE(IF(League!G85>League!H85,1,IF(League!G85<League!H85,2,IF(AND(League!G85=League!H85,League!G85<>"",League!H85<>""),"X",0))),"|",League!G85,"-",League!H85) -> 0|-
A91: 5 | B91: =CONCATENATE(League!D86,"-",League!K86) -> Brugge-Liverpool | C91: =CONCATENATE(IF(League!G86>League!H86,1,IF(League!G86<League!H86,2,IF(AND(League!G86=League!H86,League!G86<>"",League!H86<>""),"X",0))),"|",League!G86,"-",League!H86) -> 0|-
... A96: 5 | B96: =CONCATENATE(League!D91,"-",League!K91) -> Sporting Portugal-Manchester United | C96: =CONCATENATE(IF(League!G91>League!H91,1,IF(League!G91<League!H91,2,IF(AND(League!G91=League!H91,League!G91<>"",League!H91<>""),"X",0))),"|",League!G91,"-",League!H91) -> 0|-
A97: 6 | B97: =CONCATENATE(League!D92,"-",League!K92) -> Viking-Feyenoord | C97: =CONCATENATE(IF(League!G92>League!H92,1,IF(League!G92<League!H92,2,IF(AND(League!G92=League!H92,League!G92<>"",League!H92<>""),"X",0))),"|",League!G92,"-",League!H92) -> 0|- | D97: =+Idiomas!D106 -> J6 | E97: =+Idiomas!D89 -> ·Para la 6ª jornada selecciona de la C97 a la C114 y pega valores en la plantilla de administrador
A98: 6 | B98: =CONCATENATE(League!D93,"-",League!K93) -> Villarreal-Sabah | C98: =CONCATENATE(IF(League!G93>League!H93,1,IF(League!G93<League!H93,2,IF(AND(League!G93=League!H93,League!G93<>"",League!H93<>""),"X",0))),"|",League!G93,"-",League!H93) -> 0|-
A99: 6 | B99: =CONCATENATE(League!D94,"-",League!K94) -> AEK-Galatasaray | C99: =CONCATENATE(IF(League!G94>League!H94,1,IF(League!G94<League!H94,2,IF(AND(League!G94=League!H94,League!G94<>"",League!H94<>""),"X",0))),"|",League!G94,"-",League!H94) -> 0|-
A100: 6 | B100: =CONCATENATE(League!D95,"-",League!K95) -> Roma-Sporting Portugal | C100: =CONCATENATE(IF(League!G95>League!H95,1,IF(League!G95<League!H95,2,IF(AND(League!G95=League!H95,League!G95<>"",League!H95<>""),"X",0))),"|",League!G95,"-",League!H95) -> 0|-
A101: 6 | B101: =CONCATENATE(League!D96,"-",League!K96) -> Aston Villa-PSG | C101: =CONCATENATE(IF(League!G96>League!H96,1,IF(League!G96<League!H96,2,IF(AND(League!G96=League!H96,League!G96<>"",League!H96<>""),"X",0))),"|",League!G96,"-",League!H96) -> 0|-
A102: 6 | B102: =CONCATENATE(League!D97,"-",League!K97) -> Barcelona-Manchester City | C102: =CONCATENATE(IF(League!G97>League!H97,1,IF(League!G97<League!H97,2,IF(AND(League!G97=League!H97,League!G97<>"",League!H97<>""),"X",0))),"|",League!G97,"-",League!H97) -> 0|-
A103: 6 | B103: =CONCATENATE(League!D98,"-",League!K98) -> Bayern München-Slavia Praha | C103: =CONCATENATE(IF(League!G98>League!H98,1,IF(League!G98<League!H98,2,IF(AND(League!G98=League!H98,League!G98<>"",League!H98<>""),"X",0))),"|",League!G98,"-",League!H98) -> 0|-
A104: 6 | B104: =CONCATENATE(League!D99,"-",League!K99) -> Manchester United-Leipzig | C104: =CONCATENATE(IF(League!G99>League!H99,1,IF(League!G99<League!H99,2,IF(AND(League!G99=League!H99,League!G99<>"",League!H99<>""),"X",0))),"|",League!G99,"-",League!H99) -> 0|-
A105: 6 | B105: =CONCATENATE(League!D100,"-",League!K100) -> Napoli-Brugge | C105: =CONCATENATE(IF(League!G100>League!H100,1,IF(League!G100<League!H100,2,IF(AND(League!G100=League!H100,League!G100<>"",League!H100<>""),"X",0))),"|",League!G100,"-",League!H100) -> 0|-
A106: 6 | B106: =CONCATENATE(League!D101,"-",League!K101) -> Betis-Como | C106: =CONCATENATE(IF(League!G101>League!H101,1,IF(League!G101<League!H101,2,IF(AND(League!G101=League!H101,League!G101<>"",League!H101<>""),"X",0))),"|",League!G101,"-",League!H101) -> 0|-
A107: 6 | B107: =CONCATENATE(League!D102,"-",League!K102) -> Slovan Bratislava -Shakhtar Donetsk | C107: =CONCATENATE(IF(League!G102>League!H102,1,IF(League!G102<League!H102,2,IF(AND(League!G102=League!H102,League!G102<>"",League!H102<>""),"X",0))),"|",League!G102,"-",League!H102) -> 0|-
A108: 6 | B108: =CONCATENATE(League!D103,"-",League!K103) -> Arsenal-Real Madrid | C108: =CONCATENATE(IF(League!G103>League!H103,1,IF(League!G103<League!H103,2,IF(AND(League!G103=League!H103,League!G103<>"",League!H103<>""),"X",0))),"|",League!G103,"-",League!H103) -> 0|-
A109: 6 | B109: =CONCATENATE(League!D104,"-",League!K104) -> Borussia Dortmund-Inter Milan | C109: =CONCATENATE(IF(League!G104>League!H104,1,IF(League!G104<League!H104,2,IF(AND(League!G104=League!H104,League!G104<>"",League!H104<>""),"X",0))),"|",League!G104,"-",League!H104) -> 0|-
... A114: 6 | B114: =CONCATENATE(League!D109,"-",League!K109) -> Stuttgart-Lille | C114: =CONCATENATE(IF(League!G109>League!H109,1,IF(League!G109<League!H109,2,IF(AND(League!G109=League!H109,League!G109<>"",League!H109<>""),"X",0))),"|",League!G109,"-",League!H109) -> 0|-
A115: 7 | B115: =CONCATENATE(League!D110,"-",League!K110) -> Bodø/Glimt-Atlético Madrid | C115: =CONCATENATE(IF(League!G110>League!H110,1,IF(League!G110<League!H110,2,IF(AND(League!G110=League!H110,League!G110<>"",League!H110<>""),"X",0))),"|",League!G110,"-",League!H110) -> 0|- | D115: =+Idiomas!D107 -> J7 | E115: =+Idiomas!D90 -> ·Para la 7ª jornada selecciona de la C115 a la C132 y pega valores en la plantilla de administrador
A116: 7 | B116: =CONCATENATE(League!D111,"-",League!K111) -> Galatasaray-Feyenoord | C116: =CONCATENATE(IF(League!G111>League!H111,1,IF(League!G111<League!H111,2,IF(AND(League!G111=League!H111,League!G111<>"",League!H111<>""),"X",0))),"|",League!G111,"-",League!H111) -> 0|-
A117: 7 | B117: =CONCATENATE(League!D112,"-",League!K112) -> AEK-Roma | C117: =CONCATENATE(IF(League!G112>League!H112,1,IF(League!G112<League!H112,2,IF(AND(League!G112=League!H112,League!G112<>"",League!H112<>""),"X",0))),"|",League!G112,"-",League!H112) -> 0|-
A118: 7 | B118: =CONCATENATE(League!D113,"-",League!K113) -> Aston Villa-Borussia Dortmund | C118: =CONCATENATE(IF(League!G113>League!H113,1,IF(League!G113<League!H113,2,IF(AND(League!G113=League!H113,League!G113<>"",League!H113<>""),"X",0))),"|",League!G113,"-",League!H113) -> 0|-
A119: 7 | B119: =CONCATENATE(League!D114,"-",League!K114) -> Inter Milan-Liverpool | C119: =CONCATENATE(IF(League!G114>League!H114,1,IF(League!G114<League!H114,2,IF(AND(League!G114=League!H114,League!G114<>"",League!H114<>""),"X",0))),"|",League!G114,"-",League!H114) -> 0|-
A120: 7 | B120: =CONCATENATE(League!D115,"-",League!K115) -> Porto-Slavia Praha | C120: =CONCATENATE(IF(League!G115>League!H115,1,IF(League!G115<League!H115,2,IF(AND(League!G115=League!H115,League!G115<>"",League!H115<>""),"X",0))),"|",League!G115,"-",League!H115) -> 0|-
A121: 7 | B121: =CONCATENATE(League!D116,"-",League!K116) -> Lille-Slovan Bratislava | C121: =CONCATENATE(IF(League!G116>League!H116,1,IF(League!G116<League!H116,2,IF(AND(League!G116=League!H116,League!G116<>"",League!H116<>""),"X",0))),"|",League!G116,"-",League!H116) -> 0|-
A122: 7 | B122: =CONCATENATE(League!D117,"-",League!K117) -> Real Madrid-LASK | C122: =CONCATENATE(IF(League!G117>League!H117,1,IF(League!G117<League!H117,2,IF(AND(League!G117=League!H117,League!G117<>"",League!H117<>""),"X",0))),"|",League!G117,"-",League!H117) -> 0|-
A123: 7 | B123: =CONCATENATE(League!D118,"-",League!K118) -> Stuttgart-Brugge | C123: =CONCATENATE(IF(League!G118>League!H118,1,IF(League!G118<League!H118,2,IF(AND(League!G118=League!H118,League!G118<>"",League!H118<>""),"X",0))),"|",League!G118,"-",League!H118) -> 0|-
A124: 7 | B124: =CONCATENATE(League!D119,"-",League!K119) -> Fenerbahçe -Villarreal | C124: =CONCATENATE(IF(League!G119>League!H119,1,IF(League!G119<League!H119,2,IF(AND(League!G119=League!H119,League!G119<>"",League!H119<>""),"X",0))),"|",League!G119,"-",League!H119) -> 0|-
A125: 7 | B125: =CONCATENATE(League!D120,"-",League!K120) -> Sabah-Napoli | C125: =CONCATENATE(IF(League!G120>League!H120,1,IF(League!G120<League!H120,2,IF(AND(League!G120=League!H120,League!G120<>"",League!H120<>""),"X",0))),"|",League!G120,"-",League!H120) -> 0|-
A126: 7 | B126: =CONCATENATE(League!D121,"-",League!K121) -> Como-PSG | C126: =CONCATENATE(IF(League!G121>League!H121,1,IF(League!G121<League!H121,2,IF(AND(League!G121=League!H121,League!G121<>"",League!H121<>""),"X",0))),"|",League!G121,"-",League!H121) -> 0|-
...

Sheet Pool KO
B1: =+Idiomas!D76 -> Para el administrador de la porra
B3: =+Idiomas!D79 -> ¡No tocar nada, se rellena solo!
B5: PLAYOFFS | C5: =IF(ISBLANK(Home!C13),"",Home!C13) -> Nombre
A6: PO1.1 | B6: =CONCATENATE(KO!F4,"-",KO!F5) -> 21/22-11/12 | C6: =CONCATENATE(IF(KO!G4>KO!G5,1,IF(KO!G4<KO!G5,2,IF(AND(KO!G4=KO!G5,KO!G4<>"",KO!G5<>""),"X",0))),"|",KO!G4,"-",KO!G5) -> 0|- | D6: PO | E6: =+Idiomas!D95 -> ·Para los Playoffs selecciona de la C6 a la C31 y pega valores en la plantilla de administrador.
A7: PO2.1 | B7: =CONCATENATE(KO!F8,"-",KO!F9) -> 19/20-13/14 | C7: =CONCATENATE(IF(KO!G8>KO!G9,1,IF(KO!G8<KO!G9,2,IF(AND(KO!G8=KO!G9,KO!G8<>"",KO!G9<>""),"X",0))),"|",KO!G8,"-",KO!G9) -> 0|-
A8: PO3.1 | B8: =CONCATENATE(KO!F12,"-",KO!F13) -> 23/24-9/10 | C8: =CONCATENATE(IF(KO!G12>KO!G13,1,IF(KO!G12<KO!G13,2,IF(AND(KO!G12=KO!G13,KO!G12<>"",KO!G13<>""),"X",0))),"|",KO!G12,"-",KO!G13) -> 0|-
A9: PO4.1 | B9: =CONCATENATE(KO!F16,"-",KO!F17) -> 17/18-15/16 | C9: =CONCATENATE(IF(KO!G16>KO!G17,1,IF(KO!G16<KO!G17,2,IF(AND(KO!G16=KO!G17,KO!G16<>"",KO!G17<>""),"X",0))),"|",KO!G16,"-",KO!G17) -> 0|-
A10: PO5.1 | B10: =CONCATENATE(KO!F20,"-",KO!F21) -> 22/21-12/11 | C10: =CONCATENATE(IF(KO!G20>KO!G21,1,IF(KO!G20<KO!G21,2,IF(AND(KO!G20=KO!G21,KO!G20<>"",KO!G21<>""),"X",0))),"|",KO!G20,"-",KO!G21) -> 0|-
A11: PO6.1 | B11: =CONCATENATE(KO!F24,"-",KO!F25) -> 20/19-14/13 | C11: =CONCATENATE(IF(KO!G24>KO!G25,1,IF(KO!G24<KO!G25,2,IF(AND(KO!G24=KO!G25,KO!G24<>"",KO!G25<>""),"X",0))),"|",KO!G24,"-",KO!G25) -> 0|-
A12: PO7.1 | B12: =CONCATENATE(KO!F28,"-",KO!F29) -> 24/23-10/9 | C12: =CONCATENATE(IF(KO!G28>KO!G29,1,IF(KO!G28<KO!G29,2,IF(AND(KO!G28=KO!G29,KO!G28<>"",KO!G29<>""),"X",0))),"|",KO!G28,"-",KO!G29) -> 0|-
A13: PO8.1 | B13: =CONCATENATE(KO!F32,"-",KO!F33) -> 18/17-16/15 | C13: =CONCATENATE(IF(KO!G32>KO!G33,1,IF(KO!G32<KO!G33,2,IF(AND(KO!G32=KO!G33,KO!G32<>"",KO!G33<>""),"X",0))),"|",KO!G32,"-",KO!G33) -> 0|-
A14: PO1.2 | B14: =CONCATENATE(KO!F5,"-",KO!F4) -> 11/12-21/22 | C14: =CONCATENATE(IF(KO!H4>KO!H5,2,IF(KO!H4<KO!H5,1,IF(AND(KO!H4=KO!H5,KO!H4<>"",KO!H5<>""),"X",0))),"|",KO!H5,"-",KO!H4) -> 0|-
A15: PO2.2 | B15: =CONCATENATE(KO!F9,"-",KO!F8) -> 13/14-19/20 | C15: =CONCATENATE(IF(KO!H8>KO!H9,2,IF(KO!H8<KO!H9,1,IF(AND(KO!H8=KO!H9,KO!H8<>"",KO!H9<>""),"X",0))),"|",KO!H9,"-",KO!H8) -> 0|-
A16: PO3.3 | B16: =CONCATENATE(KO!F13,"-",KO!F12) -> 9/10-23/24 | C16: =CONCATENATE(IF(KO!H12>KO!H13,2,IF(KO!H12<KO!H13,1,IF(AND(KO!H12=KO!H13,KO!H12<>"",KO!H13<>""),"X",0))),"|",KO!H13,"-",KO!H12) -> 0|-
A17: PO4.2 | B17: =CONCATENATE(KO!F17,"-",KO!F16) -> 15/16-17/18 | C17: =CONCATENATE(IF(KO!H16>KO!H17,2,IF(KO!H16<KO!H17,1,IF(AND(KO!H16=KO!H17,KO!H16<>"",KO!H17<>""),"X",0))),"|",KO!H17,"-",KO!H16) -> 0|-
A18: PO5.2 | B18: =CONCATENATE(KO!F21,"-",KO!F20) -> 12/11-22/21 | C18: =CONCATENATE(IF(KO!H20>KO!H21,2,IF(KO!H20<KO!H21,1,IF(AND(KO!H20=KO!H21,KO!H20<>"",KO!H21<>""),"X",0))),"|",KO!H21,"-",KO!H20) -> 0|-
A19: PO6.2 | B19: =CONCATENATE(KO!F25,"-",KO!F24) -> 14/13-20/19 | C19: =CONCATENATE(IF(KO!H24>KO!H25,2,IF(KO!H24<KO!H25,1,IF(AND(KO!H24=KO!H25,KO!H24<>"",KO!H25<>""),"X",0))),"|",KO!H25,"-",KO!H24) -> 0|-
A20: PO7.2 | B20: =CONCATENATE(KO!F29,"-",KO!F28) -> 10/9-24/23 | C20: =CONCATENATE(IF(KO!H28>KO!H29,2,IF(KO!H28<KO!H29,1,IF(AND(KO!H28=KO!H29,KO!H28<>"",KO!H29<>""),"X",0))),"|",KO!H29,"-",KO!H28) -> 0|-
A21: PO8.2 | B21: =CONCATENATE(KO!F33,"-",KO!F32) -> 16/15-18/17 | C21: =CONCATENATE(IF(KO!H32>KO!H33,2,IF(KO!H32<KO!H33,1,IF(AND(KO!H32=KO!H33,KO!H32<>"",KO!H33<>""),"X",0))),"|",KO!H33,"-",KO!H32) -> 0|-
B23: =+Idiomas!D111 -> CLASIFICADOS PARA OCTAVOS
A24: 1/8-1 | B24: Octavofinalista | C24: =+KO!N5 -> 11/12/21/22
A25: 1/8-2 | B25: Octavofinalista | C25: =+KO!N9 -> 13/14/19/20
A26: 1/8-3 | B26: Octavofinalista | C26: =+KO!N13 -> 9/10/23/24
A27: 1/8-4 | B27: Octavofinalista | C27: =+KO!N17 -> 15/16/17/18
A28: 1/8-5 | B28: Octavofinalista | C28: =+KO!N21 -> 12/11/22/21
A29: 1/8-6 | B29: Octavofinalista | C29: =+KO!N25 -> 14/13/20/19
A30: 1/8-7 | B30: Octavofinalista | C30: =+KO!N29 -> 10/9/24/23
A31: 1/8-8 | B31: Octavofinalista | C31: =+KO!N33 -> 16/15/18/17
B33: =+Idiomas!D113 -> OCTAVOS DE FINAL
A34: O1.1 | B34: =CONCATENATE(KO!N5,"-",KO!N6) -> 11/12/21/22-5/6 | C34: =CONCATENATE(IF(KO!O5>KO!O6,1,IF(KO!O5<KO!O6,2,IF(AND(KO!O5=KO!O6,KO!O5<>"",KO!O6<>""),"X",0))),"|",KO!O5,"-",KO!O6) -> 0|- | D34: 1/8 | E34: =+Idiomas!D96 -> ·Para los octavos selecciona de la C34 a la C59 y pega valores en la plantilla de administrador.
A35: O2.1 | B35: =CONCATENATE(KO!N9,"-",KO!N10) -> 13/14/19/20-3/4 | C35: =CONCATENATE(IF(KO!O9>KO!O10,1,IF(KO!O9<KO!O10,2,IF(AND(KO!O9=KO!O10,KO!O9<>"",KO!O10<>""),"X",0))),"|",KO!O9,"-",KO!O10) -> 0|-
A36: O3.1 | B36: =CONCATENATE(KO!N13,"-",KO!N14) -> 9/10/23/24-7/8 | C36: =CONCATENATE(IF(KO!O13>KO!O14,1,IF(KO!O13<KO!O14,2,IF(AND(KO!O13=KO!O14,KO!O13<>"",KO!O14<>""),"X",0))),"|",KO!O13,"-",KO!O14) -> 0|-
A37: O4.1 | B37: =CONCATENATE(KO!N17,"-",KO!N18) -> 15/16/17/18-1/2 | C37: =CONCATENATE(IF(KO!O17>KO!O18,1,IF(KO!O17<KO!O18,2,IF(AND(KO!O17=KO!O18,KO!O17<>"",KO!O18<>""),"X",0))),"|",KO!O17,"-",KO!O18) -> 0|-
A38: O5.1 | B38: =CONCATENATE(KO!N21,"-",KO!N22) -> 12/11/22/21-6/5 | C38: =CONCATENATE(IF(KO!O21>KO!O22,1,IF(KO!O21<KO!O22,2,IF(AND(KO!O21=KO!O22,KO!O21<>"",KO!O22<>""),"X",0))),"|",KO!O21,"-",KO!O22) -> 0|-
A39: O6.1 | B39: =CONCATENATE(KO!N25,"-",KO!N26) -> 14/13/20/19-4/3 | C39: =CONCATENATE(IF(KO!O25>KO!O26,1,IF(KO!O25<KO!O26,2,IF(AND(KO!O25=KO!O26,KO!O25<>"",KO!O26<>""),"X",0))),"|",KO!O25,"-",KO!O26) -> 0|-
A40: O7.1 | B40: =CONCATENATE(KO!N29,"-",KO!N30) -> 10/9/24/23-8/7 | C40: =CONCATENATE(IF(KO!O29>KO!O30,1,IF(KO!O29<KO!O30,2,IF(AND(KO!O29=KO!O30,KO!O29<>"",KO!O30<>""),"X",0))),"|",KO!O29,"-",KO!O30) -> 0|-
A41: O8.1 | B41: =CONCATENATE(KO!N33,"-",KO!N34) -> 16/15/18/17-2/1 | C41: =CONCATENATE(IF(KO!O33>KO!O34,1,IF(KO!O33<KO!O34,2,IF(AND(KO!O33=KO!O34,KO!O33<>"",KO!O34<>""),"X",0))),"|",KO!O33,"-",KO!O34) -> 0|-
A42: O1.2 | B42: =CONCATENATE(KO!N6,"-",KO!N5) -> 5/6-11/12/21/22 | C42: =CONCATENATE(IF(KO!P5>KO!P6,2,IF(KO!P5<KO!P6,1,IF(AND(KO!P5=KO!P6,KO!P5<>"",KO!P6<>""),"X",0))),"|",KO!P6,"-",KO!P5) -> 0|-
A43: O2.2 | B43: =CONCATENATE(KO!N10,"-",KO!N9) -> 3/4-13/14/19/20 | C43: =CONCATENATE(IF(KO!P9>KO!P10,2,IF(KO!P9<KO!P10,1,IF(AND(KO!P9=KO!P10,KO!P9<>"",KO!P10<>""),"X",0))),"|",KO!P10,"-",KO!P9) -> 0|-
A44: O3.2 | B44: =CONCATENATE(KO!N14,"-",KO!N13) -> 7/8-9/10/23/24 | C44: =CONCATENATE(IF(KO!P13>KO!P14,2,IF(KO!P13<KO!P14,1,IF(AND(KO!P13=KO!P14,KO!P13<>"",KO!P14<>""),"X",0))),"|",KO!P14,"-",KO!P13) -> 0|-
A45: O4.2 | B45: =CONCATENATE(KO!N18,"-",KO!N17) -> 1/2-15/16/17/18 | C45: =CONCATENATE(IF(KO!P17>KO!P18,2,IF(KO!P17<KO!P18,1,IF(AND(KO!P17=KO!P18,KO!P17<>"",KO!P18<>""),"X",0))),"|",KO!P18,"-",KO!P17) -> 0|-
A46: O5.2 | B46: =CONCATENATE(KO!N22,"-",KO!N21) -> 6/5-12/11/22/21 | C46: =CONCATENATE(IF(KO!P21>KO!P22,2,IF(KO!P21<KO!P22,1,IF(AND(KO!P21=KO!P22,KO!P21<>"",KO!P22<>""),"X",0))),"|",KO!P22,"-",KO!P21) -> 0|-
A47: O6.2 | B47: =CONCATENATE(KO!N26,"-",KO!N25) -> 4/3-14/13/20/19 | C47: =CONCATENATE(IF(KO!P25>KO!P26,2,IF(KO!P25<KO!P26,1,IF(AND(KO!P25=KO!P26,KO!P25<>"",KO!P26<>""),"X",0))),"|",KO!P26,"-",KO!P25) -> 0|-
A48: O7.2 | B48: =CONCATENATE(KO!N30,"-",KO!N29) -> 8/7-10/9/24/23 | C48: =CONCATENATE(IF(KO!P29>KO!P30,2,IF(KO!P29<KO!P30,1,IF(AND(KO!P29=KO!P30,KO!P29<>"",KO!P30<>""),"X",0))),"|",KO!P30,"-",KO!P29) -> 0|-
A49: O8.2 | B49: =CONCATENATE(KO!N34,"-",KO!N33) -> 2/1-16/15/18/17 | C49: =CONCATENATE(IF(KO!P33>KO!P34,2,IF(KO!P33<KO!P34,1,IF(AND(KO!P33=KO!P34,KO!P33<>"",KO!P34<>""),"X",0))),"|",KO!P34,"-",KO!P33) -> 0|-
B51: =+Idiomas!D114 -> CLASIFICADOS PARA CUARTOS DE FINAL
A52: CF-1 | B52: Cuartofinalista | C52: =+KO!V7 -> WR16-1
A53: CF-2 | B53: Cuartofinalista | C53: =+KO!V8 -> WR16-2
A54: CF-3 | B54: Cuartofinalista | C54: =+KO!V15 -> WR16-3
A55: CF-4 | B55: Cuartofinalista | C55: =+KO!V16 -> WR16-4
A56: CF-5 | B56: Cuartofinalista | C56: =+KO!V23 -> WR16-5
A57: CF-6 | B57: Cuartofinalista | C57: =+KO!V24 -> WR16-6
A58: CF-7 | B58: Cuartofinalista | C58: =+KO!V31 -> WR16-7
A59: CF-8 | B59: Cuartofinalista | C59: =+KO!V32 -> WR16-8
B61: =+Idiomas!D116 -> CUARTOS DE FINAL
A62: C1.1 | B62: =CONCATENATE(KO!V7,"-",KO!V8) -> WR16-1-WR16-2 | C62: =CONCATENATE(IF(KO!W7>KO!W8,1,IF(KO!W7<KO!W8,2,IF(AND(KO!W7=KO!W8,KO!W7<>"",KO!W8<>""),"X",0))),"|",KO!W7,"-",KO!W8) -> 0|- | D62: 1/4 | E62: =+Idiomas!D97 -> ·Para los cuartos selecciona de la C62 a la C75 y pega valores en la plantilla de administrador.
A63: C2.1 | B63: =CONCATENATE(KO!V15,"-",KO!V16) -> WR16-3-WR16-4 | C63: =CONCATENATE(IF(KO!W15>KO!W16,1,IF(KO!W15<KO!W16,2,IF(AND(KO!W15=KO!W16,KO!W15<>"",KO!W16<>""),"X",0))),"|",KO!W15,"-",KO!W16) -> 0|-
A64: C3.1 | B64: =CONCATENATE(KO!V23,"-",KO!V24) -> WR16-5-WR16-6 | C64: =CONCATENATE(IF(KO!W23>KO!W24,1,IF(KO!W23<KO!W24,2,IF(AND(KO!W23=KO!W24,KO!W23<>"",KO!W24<>""),"X",0))),"|",KO!W23,"-",KO!W24) -> 0|-
A65: C4.1 | B65: =CONCATENATE(KO!V31,"-",KO!V32) -> WR16-7-WR16-8 | C65: =CONCATENATE(IF(KO!W31>KO!W32,1,IF(KO!W31<KO!W32,2,IF(AND(KO!W31=KO!W32,KO!W31<>"",KO!W32<>""),"X",0))),"|",KO!W31,"-",KO!W32) -> 0|-
A66: C1.2 | B66: =CONCATENATE(KO!V8,"-",KO!V7) -> WR16-2-WR16-1 | C66: =CONCATENATE(IF(KO!X7>KO!X8,2,IF(KO!X7<KO!X8,1,IF(AND(KO!X7=KO!X8,KO!X7<>"",KO!X8<>""),"X",0))),"|",KO!X8,"-",KO!X7) -> 0|-
A67: C2.2 | B67: =CONCATENATE(KO!V16,"-",KO!V15) -> WR16-4-WR16-3 | C67: =CONCATENATE(IF(KO!X15>KO!X16,2,IF(KO!X15<KO!X16,1,IF(AND(KO!X15=KO!X16,KO!X15<>"",KO!X16<>""),"X",0))),"|",KO!X16,"-",KO!X15) -> 0|-
A68: C3.2 | B68: =CONCATENATE(KO!V24,"-",KO!V23) -> WR16-6-WR16-5 | C68: =CONCATENATE(IF(KO!X23>KO!X24,2,IF(KO!X23<KO!X24,1,IF(AND(KO!X23=KO!X24,KO!X23<>"",KO!X24<>""),"X",0))),"|",KO!X24,"-",KO!X23) -> 0|-
A69: C4.2 | B69: =CONCATENATE(KO!V32,"-",KO!V31) -> WR16-8-WR16-7 | C69: =CONCATENATE(IF(KO!X31>KO!X32,2,IF(KO!X31<KO!X32,1,IF(AND(KO!X31=KO!X32,KO!X31<>"",KO!X32<>""),"X",0))),"|",KO!X32,"-",KO!X31) -> 0|-
B71: =+Idiomas!D117 -> CLASIFICADOS PARA SEMIFINALES
A72: SF-1 | B72: Semifinalista | C72: =+KO!AD11 -> WQF-1
A73: SF-2 | B73: Semifinalista | C73: =+KO!AD12 -> WQF-2
A74: SF-3 | B74: Semifinalista | C74: =+KO!AD27 -> WQF-3
A75: SF-4 | B75: Semifinalista | C75: =+KO!AD28 -> WQF-4
B77: =+Idiomas!D118 -> SEMIFINALES
A78: S1.1 | B78: =CONCATENATE(KO!AD11,"-",KO!AD12) -> WQF-1-WQF-2 | C78: =CONCATENATE(IF(KO!AE11>KO!AE12,1,IF(KO!AE11<KO!AE12,2,IF(AND(KO!AE11=KO!AE12,KO!AE11<>"",KO!AE12<>""),"X",0))),"|",KO!AE11,"-",KO!AE12) -> 0|- | D78: 1/2 | E78: =+Idiomas!D98 -> ·Para las semifinales selecciona de la C78 a la C85 y pega valores en la plantilla de administrador.
A79: S2.1 | B79: =CONCATENATE(KO!AD27,"-",KO!AD28) -> WQF-3-WQF-4 | C79: =CONCATENATE(IF(KO!AE27>KO!AE28,1,IF(KO!AE27<KO!AE28,2,IF(AND(KO!AE27=KO!AE28,KO!AE27<>"",KO!AE28<>""),"X",0))),"|",KO!AE27,"-",KO!AE28) -> 0|-
A80: S1.2 | B80: =CONCATENATE(KO!AD12,"-",KO!AD11) -> WQF-2-WQF-1 | C80: =CONCATENATE(IF(KO!AF11>KO!AF12,2,IF(KO!AF11<KO!AF12,1,IF(AND(KO!AF11=KO!AF12,KO!AF11<>"",KO!AF12<>""),"X",0))),"|",KO!AF12,"-",KO!AF11) -> 0|-
A81: S2.2 | B81: =CONCATENATE(KO!AD28,"-",KO!AD27) -> WQF-4-WQF-3 | C81: =CONCATENATE(IF(KO!AF27>KO!AF28,2,IF(KO!AF27<KO!AF28,1,IF(AND(KO!AF27=KO!AF28,KO!AF27<>"",KO!AF28<>""),"X",0))),"|",KO!AF28,"-",KO!AF27) -> 0|-
B83: =+Idiomas!D119 -> CLASIFICADOS PARA LA FINAL
A84: F-1 | B84: Finalista | C84: =+KO!AL19 -> WSF-1
A85: F-2 | B85: Finalista | C85: =+KO!AL20 -> WSF-2
B87: FINAL
A88: F | B88: =CONCATENATE(KO!AL19,"-",KO!AL20) -> WSF-1-WSF-2 | C88: =CONCATENATE(IF(KO!AM19>KO!AM20,1,IF(KO!AM19<KO!AM20,2,IF(AND(KO!AM19=KO!AM20,KO!AM19<>"",KO!AM20<>""),"X",0))),"|",KO!AM19,"-",KO!AM20) -> 0|- | D88: F | E88: =+Idiomas!D99 -> ·Para la final selecciona de la C88 a la C91 y pega valores en la plantilla de administrador.
B90: =+Idiomas!D356 -> Campeón
A91: F | B91: Campeón | C91: =+KO!AP19 -> WF

Sheet Credits
B2: =+Idiomas!D73 -> Limitación de responsabilidad:
B3: =+Idiomas!D70 -> Este archivo está disponible sin garantía. El autor no es responsable del daño, inexactitud de los datos o pérdidas de ningún tipo causadas por el uso o mal uso del archivo. El uso de este archivo será bajo responsabilidad del usuario. No se facilitarán las contraseñas del archivo (tampoco se responderán a las solicitudes de las mismas). El archivo no contiene macros. Se recomienda escanear el archivo descargado con algún antivirus de reputación. El archivo no se debe editar salvo en los lugares establecidos para ello (introducir los resultados, el nombre de los equipos). Las formulas, la protección y la estructura no debe ser modificada. El archivo no puede ser revendido a terceros y es de uso exclusivo para el usuario.
B14: =+Idiomas!D71 -> Autor: | C14: Miguel Angel Tejero
B15: =+Idiomas!D72 -> Útima versión | C15: 46263
B17: Photo: wikipedia
D18: Para acceder Click en | E18: 2
C19: Item | D19: Español | E19: Inglés
C20: Excel Europa League 2026-2027 | D20: 2 | E20: 2
C21: Excel Conference League 2026-2027 | D21: 2 | E21: 2 | G21: =HYPERLINK(Idiomas!D11,Idiomas!D7) -> Si quieres organizar una porra con tu grupo puedes descargar el archivo para administrarla desde aquí.
C22: Excel Premier League 2026-2027 | D22: 0 | E22: 2
C23: Excel Championship 2026-2027 | D23: 0 | E23: 2
C24: Excel Liga 1ª Division 2026-2027 | D24: 2 | E24: 0
C25: Excel Liga 2ª Division 2026-2027 | D25: 2 | E25: 0
C26: Excel Liga 1ª Federación 2026-2027 | D26: 2 | E26: 0
C27: Excel Liga F. 2026-2027 | D27: 2 | E27: 0
C28: Excel Libertadores/Sudamericana 2026 | D28: 2 | E28: 0
C29: =Idiomas!D15 -> Excel Mundial Femenino 2027 | D29: 2 | E29: 2

Sheet Horarios
C1: =IFERROR(INDEX($P$3:$P$93,MATCH(Home!$C$10,Horarios!$Q$3:$Q$93,0)),1) -> 17 | K1: Escribir el pais en idiomas | L1: País | M1: UTC | N1: en horas
A2: 46273.781 | C2: {=A2+INDEX($V$3:V$93,$C$1)*INDEX($W$3:$W$93,$C$1)} -> 46273.781 | K2: Organizador: | L2: =Idiomas!D190 -> Alemania | M2: =INDEX($R$3:$R$93,MATCH($L$2,$Q$3:$Q$93,0)) -> 2 | N2: =INDEX($S$3:$S$93,MATCH($L$2,$Q$3:$Q$93,0)) -> 0.083333333 | P2: Num | Q2: País | R2: UTC (Verano) | S2: UTC en horas | T2: Organizador | U2: Dif c/ org | V2: Dif en horas | W2: +/- | Z2: Num | AA2: Paises | AB2: UTC (Verano) | AC2: UTC en horas | AD2: Organizador | AE2: Dif c/ org | AF2: Dif en horas | AG2: +/- | AH2: Invierno | AI2: Orden | AK2: Dif verano invierno
A3: 46273.781 | C3: {=A3+INDEX($V$3:V$93,$C$1)*INDEX($W$3:$W$93,$C$1)} -> 46273.781 | K3: https://www.zeitverschiebung.net/es/country/vn | P3: 1 | Q3: =INDEX($AA$3:$AA$57,MATCH(P3,$AI$3:$AI$57,0)) -> Albania | R3: =INDEX(AB$3:AB$93,MATCH($Q3,$AA$3:$AA$93,0)) -> 2 | S3: =INDEX(AC$3:AC$93,MATCH($Q3,$AA$3:$AA$93,0)) -> 0.083333333 | T3: =INDEX(AD$3:AD$93,MATCH($Q3,$AA$3:$AA$93,0)) -> 0 | U3: =INDEX(AE$3:AE$93,MATCH($Q3,$AA$3:$AA$93,0)) -> 0 | V3: =INDEX(AF$3:AF$93,MATCH($Q3,$AA$3:$AA$93,0)) -> 0 | W3: =INDEX(AG$3:AG$93,MATCH($Q3,$AA$3:$AA$93,0)) -> 0 | Z3: 1 | AA3: =Idiomas!D130 -> Albania | AB3: 2 | AC3: =ABS(AB3/24) -> 0.083333333 | AD3: =IF(AA3=$L$2,1,0) -> 0 | AE3: =AB3-$M$2 -> 0 | AF3: =ABS(AE3/24) -> 0 | AG3: =IF(AB3>$M$2,1,IF(AB3=$M$2,0,-1)) -> 0 | AH3: 1 | AI3: =COUNTIF($AA$3:$AA$57,"<="&AA3) -> 1 | AK3: =AB3-AH3 -> 1
A4: 46273.875 | C4: {=A4+INDEX($V$3:V$93,$C$1)*INDEX($W$3:$W$93,$C$1)} -> 46273.875 | P4: 2 | Q4: =INDEX($AA$3:$AA$57,MATCH(P4,$AI$3:$AI$57,0)) -> Alemania | R4: =INDEX(AB$3:AB$93,MATCH($Q4,$AA$3:$AA$93,0)) -> 2 | S4: =INDEX(AC$3:AC$93,MATCH($Q4,$AA$3:$AA$93,0)) -> 0.083333333 | T4: =INDEX(AD$3:AD$93,MATCH($Q4,$AA$3:$AA$93,0)) -> 1 | U4: =INDEX(AE$3:AE$93,MATCH($Q4,$AA$3:$AA$93,0)) -> 0 | V4: =INDEX(AF$3:AF$93,MATCH($Q4,$AA$3:$AA$93,0)) -> 0 | W4: =INDEX(AG$3:AG$93,MATCH($Q4,$AA$3:$AA$93,0)) -> 0 | Z4: 2 | AA4: =Idiomas!D131 -> Alemania | AB4: 2 | AC4: =ABS(AB4/24) -> 0.083333333 | AD4: =IF(AA4=$L$2,1,0) -> 1 | AE4: =AB4-$M$2 -> 0 | AF4: =ABS(AE4/24) -> 0 | AG4: =IF(AB4>$M$2,1,IF(AB4=$M$2,0,-1)) -> 0 | AH4: 1 | AI4: =COUNTIF($AA$3:$AA$57,"<="&AA4) -> 2 | AK4: =AB4-AH4 -> 1
A5: 46273.875 | C5: {=A5+INDEX($V$3:V$93,$C$1)*INDEX($W$3:$W$93,$C$1)} -> 46273.875 | P5: 3 | Q5: =INDEX($AA$3:$AA$57,MATCH(P5,$AI$3:$AI$57,0)) -> Andorra | R5: =INDEX(AB$3:AB$93,MATCH($Q5,$AA$3:$AA$93,0)) -> 2 | S5: =INDEX(AC$3:AC$93,MATCH($Q5,$AA$3:$AA$93,0)) -> 0.083333333 | T5: =INDEX(AD$3:AD$93,MATCH($Q5,$AA$3:$AA$93,0)) -> 0 | U5: =INDEX(AE$3:AE$93,MATCH($Q5,$AA$3:$AA$93,0)) -> 0 | V5: =INDEX(AF$3:AF$93,MATCH($Q5,$AA$3:$AA$93,0)) -> 0 | W5: =INDEX(AG$3:AG$93,MATCH($Q5,$AA$3:$AA$93,0)) -> 0 | Z5: 3 | AA5: =Idiomas!D132 -> Andorra | AB5: 2 | AC5: =ABS(AB5/24) -> 0.083333333 | AD5: =IF(AA5=$L$2,1,0) -> 0 | AE5: =AB5-$M$2 -> 0 | AF5: =ABS(AE5/24) -> 0 | AG5: =IF(AB5>$M$2,1,IF(AB5=$M$2,0,-1)) -> 0 | AH5: 1 | AI5: =COUNTIF($AA$3:$AA$57,"<="&AA5) -> 3 | AK5: =AB5-AH5 -> 1
A6: 46273.875 | C6: {=A6+INDEX($V$3:V$93,$C$1)*INDEX($W$3:$W$93,$C$1)} -> 46273.875 | P6: 4 | Q6: =INDEX($AA$3:$AA$57,MATCH(P6,$AI$3:$AI$57,0)) -> Armenia | R6: =INDEX(AB$3:AB$93,MATCH($Q6,$AA$3:$AA$93,0)) -> 4 | S6: =INDEX(AC$3:AC$93,MATCH($Q6,$AA$3:$AA$93,0)) -> 0.16666667 | T6: =INDEX(AD$3:AD$93,MATCH($Q6,$AA$3:$AA$93,0)) -> 0 | U6: =INDEX(AE$3:AE$93,MATCH($Q6,$AA$3:$AA$93,0)) -> 2 | V6: =INDEX(AF$3:AF$93,MATCH($Q6,$AA$3:$AA$93,0)) -> 0.083333333 | W6: =INDEX(AG$3:AG$93,MATCH($Q6,$AA$3:$AA$93,0)) -> 1 | Z6: 4 | AA6: =Idiomas!D133 -> Armenia | AB6: 4 | AC6: =ABS(AB6/24) -> 0.16666667 | AD6: =IF(AA6=$L$2,1,0) -> 0 | AE6: =AB6-$M$2 -> 2 | AF6: =ABS(AE6/24) -> 0.083333333 | AG6: =IF(AB6>$M$2,1,IF(AB6=$M$2,0,-1)) -> 1 | AH6: 4 | AI6: =COUNTIF($AA$3:$AA$57,"<="&AA6) -> 4 | AK6: =AB6-AH6 -> 0
A7: 46273.875 | C7: {=A7+INDEX($V$3:V$93,$C$1)*INDEX($W$3:$W$93,$C$1)} -> 46273.875 | P7: 5 | Q7: =INDEX($AA$3:$AA$57,MATCH(P7,$AI$3:$AI$57,0)) -> Austria | R7: =INDEX(AB$3:AB$93,MATCH($Q7,$AA$3:$AA$93,0)) -> 2 | S7: =INDEX(AC$3:AC$93,MATCH($Q7,$AA$3:$AA$93,0)) -> 0.083333333 | T7: =INDEX(AD$3:AD$93,MATCH($Q7,$AA$3:$AA$93,0)) -> 0 | U7: =INDEX(AE$3:AE$93,MATCH($Q7,$AA$3:$AA$93,0)) -> 0 | V7: =INDEX(AF$3:AF$93,MATCH($Q7,$AA$3:$AA$93,0)) -> 0 | W7: =INDEX(AG$3:AG$93,MATCH($Q7,$AA$3:$AA$93,0)) -> 0 | Z7: 5 | AA7: =Idiomas!D134 -> Austria | AB7: 2 | AC7: =ABS(AB7/24) -> 0.083333333 | AD7: =IF(AA7=$L$2,1,0) -> 0 | AE7: =AB7-$M$2 -> 0 | AF7: =ABS(AE7/24) -> 0 | AG7: =IF(AB7>$M$2,1,IF(AB7=$M$2,0,-1)) -> 0 | AH7: 1 | AI7: =COUNTIF($AA$3:$AA$57,"<="&AA7) -> 5 | AK7: =AB7-AH7 -> 1
A8: 46274.781 | C8: {=A8+INDEX($V$3:V$93,$C$1)*INDEX($W$3:$W$93,$C$1)} -> 46274.781 | P8: 6 | Q8: =INDEX($AA$3:$AA$57,MATCH(P8,$AI$3:$AI$57,0)) -> Azerbaiyán | R8: =INDEX(AB$3:AB$93,MATCH($Q8,$AA$3:$AA$93,0)) -> 4 | S8: =INDEX(AC$3:AC$93,MATCH($Q8,$AA$3:$AA$93,0)) -> 0.16666667 | T8: =INDEX(AD$3:AD$93,MATCH($Q8,$AA$3:$AA$93,0)) -> 0 | U8: =INDEX(AE$3:AE$93,MATCH($Q8,$AA$3:$AA$93,0)) -> 2 | V8: =INDEX(AF$3:AF$93,MATCH($Q8,$AA$3:$AA$93,0)) -> 0.083333333 | W8: =INDEX(AG$3:AG$93,MATCH($Q8,$AA$3:$AA$93,0)) -> 1 | Z8: 6 | AA8: =Idiomas!D135 -> Azerbaiyán | AB8: 4 | AC8: =ABS(AB8/24) -> 0.16666667 | AD8: =IF(AA8=$L$2,1,0) -> 0 | AE8: =AB8-$M$2 -> 2 | AF8: =ABS(AE8/24) -> 0.083333333 | AG8: =IF(AB8>$M$2,1,IF(AB8=$M$2,0,-1)) -> 1 | AH8: 4 | AI8: =COUNTIF($AA$3:$AA$57,"<="&AA8) -> 6 | AK8: =AB8-AH8 -> 0
A9: 46274.781 | C9: {=A9+INDEX($V$3:V$93,$C$1)*INDEX($W$3:$W$93,$C$1)} -> 46274.781 | P9: 7 | Q9: =INDEX($AA$3:$AA$57,MATCH(P9,$AI$3:$AI$57,0)) -> Bélgica | R9: =INDEX(AB$3:AB$93,MATCH($Q9,$AA$3:$AA$93,0)) -> 2 | S9: =INDEX(AC$3:AC$93,MATCH($Q9,$AA$3:$AA$93,0)) -> 0.083333333 | T9: =INDEX(AD$3:AD$93,MATCH($Q9,$AA$3:$AA$93,0)) -> 0 | U9: =INDEX(AE$3:AE$93,MATCH($Q9,$AA$3:$AA$93,0)) -> 0 | V9: =INDEX(AF$3:AF$93,MATCH($Q9,$AA$3:$AA$93,0)) -> 0 | W9: =INDEX(AG$3:AG$93,MATCH($Q9,$AA$3:$AA$93,0)) -> 0 | Z9: 7 | AA9: =Idiomas!D136 -> Bélgica | AB9: 2 | AC9: =ABS(AB9/24) -> 0.083333333 | AD9: =IF(AA9=$L$2,1,0) -> 0 | AE9: =AB9-$M$2 -> 0 | AF9: =ABS(AE9/24) -> 0 | AG9: =IF(AB9>$M$2,1,IF(AB9=$M$2,0,-1)) -> 0 | AH9: 1 | AI9: =COUNTIF($AA$3:$AA$57,"<="&AA9) -> 7 | AK9: =AB9-AH9 -> 1
A10: 46274.875 | C10: {=A10+INDEX($V$3:V$93,$C$1)*INDEX($W$3:$W$93,$C$1)} -> 46274.875 | P10: 8 | Q10: =INDEX($AA$3:$AA$57,MATCH(P10,$AI$3:$AI$57,0)) -> Bielorrusia | R10: =INDEX(AB$3:AB$93,MATCH($Q10,$AA$3:$AA$93,0)) -> 3 | S10: =INDEX(AC$3:AC$93,MATCH($Q10,$AA$3:$AA$93,0)) -> 0.125 | T10: =INDEX(AD$3:AD$93,MATCH($Q10,$AA$3:$AA$93,0)) -> 0 | U10: =INDEX(AE$3:AE$93,MATCH($Q10,$AA$3:$AA$93,0)) -> 1 | V10: =INDEX(AF$3:AF$93,MATCH($Q10,$AA$3:$AA$93,0)) -> 0.041666667 | W10: =INDEX(AG$3:AG$93,MATCH($Q10,$AA$3:$AA$93,0)) -> 1 | Z10: 8 | AA10: =Idiomas!D137 -> Bielorrusia | AB10: 3 | AC10: =ABS(AB10/24) -> 0.125 | AD10: =IF(AA10=$L$2,1,0) -> 0 | AE10: =AB10-$M$2 -> 1 | AF10: =ABS(AE10/24) -> 0.041666667 | AG10: =IF(AB10>$M$2,1,IF(AB10=$M$2,0,-1)) -> 1 | AH10: 3 | AI10: =COUNTIF($AA$3:$AA$57,"<="&AA10) -> 8 | AK10: =AB10-AH10 -> 0
A11: 46274.875 | C11: {=A11+INDEX($V$3:V$93,$C$1)*INDEX($W$3:$W$93,$C$1)} -> 46274.875 | P11: 9 | Q11: =INDEX($AA$3:$AA$57,MATCH(P11,$AI$3:$AI$57,0)) -> Bosnia y Herzegovina | R11: =INDEX(AB$3:AB$93,MATCH($Q11,$AA$3:$AA$93,0)) -> 2 | S11: =INDEX(AC$3:AC$93,MATCH($Q11,$AA$3:$AA$93,0)) -> 0.083333333 | T11: =INDEX(AD$3:AD$93,MATCH($Q11,$AA$3:$AA$93,0)) -> 0 | U11: =INDEX(AE$3:AE$93,MATCH($Q11,$AA$3:$AA$93,0)) -> 0 | V11: =INDEX(AF$3:AF$93,MATCH($Q11,$AA$3:$AA$93,0)) -> 0 | W11: =INDEX(AG$3:AG$93,MATCH($Q11,$AA$3:$AA$93,0)) -> 0 | Z11: 9 | AA11: =Idiomas!D138 -> Bosnia y Herzegovina | AB11: 2 | AC11: =ABS(AB11/24) -> 0.083333333 | AD11: =IF(AA11=$L$2,1,0) -> 0 | AE11: =AB11-$M$2 -> 0 | AF11: =ABS(AE11/24) -> 0 | AG11: =IF(AB11>$M$2,1,IF(AB11=$M$2,0,-1)) -> 0 | AH11: 1 | AI11: =COUNTIF($AA$3:$AA$57,"<="&AA11) -> 9 | AK11: =AB11-AH11 -> 1
